{
    "DNDConfig": null,
    "_enabled_": false,
    "_margin_": [
        5,
        5,
        5,
        5
    ],
    "_padding_": [
        0,
        0,
        0,
        0
    ],
    "_skin_": "scb137f85fda4a30b5f7b8817d0f01a3",
    "_text_": "Continue",
    "canUpdateUI": true,
    "containerweight": 100,
    "contentalignment": 5,
    "desktopweb": {
        "@class": "com.kony.gen.viz.model.component.property.button.DesktopWebButtonProperty",
        "_margin_": [
            35,
            4,
            35,
            4
        ],
        "_padding_": [
            1,
            1,
            1,
            1
        ],
        "displayText": true,
        "margin": [
            35,
            4,
            35,
            4
        ],
        "marginInPixel": false,
        "padding": [
            1,
            1,
            1,
            1
        ],
        "paddingInPixel": false,
        "render": true
    },
    "displaytext": true,
    "focusskin": "s7f0453063b54e2695cee3b777e20aa8",
    "hexpand": true,
    "id": "btnHome",
    "ide_onClick": "p2kwiet341880914333_btnHome_onClick_seq0",
    "info": null,
    "isvisible": true,
    "kiosk": {
        "@class": "com.kony.gen.viz.model.component.property.button.KioskButtonProperty",
        "render": true
    },
    "kuid": "p2kwiet341880914331",
    "margininpixel": false,
    "name": "kony.ui.Button",
    "onclick": "p2kwiet341880914333_btnHome_onClick_seq0",
    "paddinginpixel": false,
    "parent": "frmHome",
    "pf": "frmHome",
    "spa": {
        "@class": "com.kony.gen.viz.model.component.property.button.SPAButtonProperty",
        "displayText": true
    },
    "vexpand": false,
    "wType": "Button",
    "widgetalignment": 5
}