{
    "DNDConfig": null,
    "_enabled_": false,
    "_margin_": [
        0,
        0,
        0,
        0
    ],
    "_skin_": "s884b9cc53664902b030ba016790a310",
    "_title_": "Home",
    "addWidgetsdone": false,
    "allboxes": [],
    "canUpdateUI": true,
    "children": [
        "label117989709782651",
        "hbxDescriptionHome",
        "btnHome"
    ],
    "containerheightreference": 1,
    "containerweight": 100,
    "desktopweb": {
        "@class": "com.kony.gen.viz.model.container.property.form.DesktopWebFormProperty",
        "_padding_": [
            0,
            0,
            0,
            15
        ],
        "inTransitionConfig": {
            "formTransition": "none"
        },
        "isModal": false,
        "needAppMenu": true,
        "outTransitionConfig": {
            "formTransition": "none"
        },
        "padding": [
            0,
            0,
            0,
            15
        ],
        "paddingInPixel": false,
        "psp": {
            "dockableAppMenu": true,
            "dockableFooter": true,
            "dockableHeader": true,
            "draggable": false,
            "minimizeOnLostFocus": false,
            "resizable": false
        },
        "render": true
    },
    "displayorientation": 3,
    "enabledforidletimeout": false,
    "footeroverlap": false,
    "headeroverlap": false,
    "id": "frmHome",
    "info": null,
    "initdone": false,
    "intransitionconfig": {
        "formTransition": "None"
    },
    "ismodal": false,
    "isvisible": true,
    "kiosk": {
        "@class": "com.kony.gen.viz.model.container.property.form.KioskFormProperty",
        "inTransitionConfig": {
            "transitionSpeed": 0
        },
        "needAppMenu": true,
        "outTransitionConfig": {
            "transitionSpeed": 0
        },
        "psp": {
            "animateHeaderFooter": false
        },
        "render": true
    },
    "kuid": "p2kwiet341880914333",
    "layouttype": 0,
    "margininpixel": false,
    "menuposition": 2,
    "name": "kony.ui.Form2",
    "needappmenu": true,
    "outtransitionconfig": {
        "formTransition": "None"
    },
    "percent": true,
    "restorewidgetprototypes": true,
    "retainscrollposition": false,
    "spa": {
        "@class": "com.kony.gen.viz.model.container.property.form.SPAFormProperty",
        "isModal": false,
        "needAppMenu": false,
        "psp": {
            "dockableAppMenu": true,
            "dockableFooter": true,
            "dockableHeader": true
        }
    },
    "templateType": "forms",
    "titleBarSkin": "sa293391ff5346b9bd72ba3648fc063f",
    "titlebar": true,
    "transparencybehindthepopup": 100,
    "type": 3,
    "wType": "Form",
    "widgetalignment": 1
}