{
    "DNDConfig": null,
    "_enabled_": false,
    "_margin_": [
        0,
        0,
        0,
        0
    ],
    "_orientation_": 1,
    "_percent_": true,
    "_position_": 3,
    "_resize_": true,
    "_skin_": "s3d3329045b041a6a3453c0cf3b28b1f",
    "allboxes": [],
    "borderCollapse": false,
    "canUpdateUI": true,
    "children": [
        "imgBullet1",
        "lblDescription1"
    ],
    "containerweight": 100,
    "desktopweb": {
        "@class": "com.kony.gen.viz.model.container.property.hbox.DesktopWebHBoxProperty",
        "_margin_": [
            6,
            0,
            0,
            0
        ],
        "_position_": 3,
        "margin": [
            6,
            0,
            0,
            0
        ],
        "marginInPixel": false,
        "position": 3,
        "render": true
    },
    "id": "hbxDescription1",
    "info": null,
    "isvisible": true,
    "kiosk": {
        "@class": "com.kony.gen.viz.model.container.property.hbox.KioskHBoxProperty",
        "_position_": 3,
        "position": 3,
        "render": true
    },
    "kuid": "p2kwiet341880914325",
    "layoutalignment": 3,
    "layouttype": 0,
    "margininpixel": false,
    "name": "kony.ui.Box",
    "parent": "vbxDescriptionHome",
    "pf": "frmHome",
    "spa": {
        "@class": "com.kony.gen.viz.model.container.property.hbox.SPAHBoxProperty"
    },
    "templateType": "forms",
    "wType": "HBox",
    "widgetalignment": 1
}