{
    "DNDConfig": null,
    "_base64_": null,
    "_enabled_": false,
    "_skin_": "safe9d0f27a24e5a90665498cfcb8cb1",
    "_src_": "bullet_balck.png",
    "_text_": "bullet_balck.png",
    "canUpdateUI": true,
    "containerweight": 11,
    "contentalignment": 5,
    "desktopweb": {
        "@class": "com.kony.gen.viz.model.component.property.image2.DesktopWebImage2Property",
        "_margin_": [
            0,
            0,
            0,
            4
        ],
        "margin": [
            0,
            0,
            0,
            4
        ],
        "marginInPixel": false,
        "render": true
    },
    "hexpand": false,
    "id": "imgBullet2",
    "imagescalemode": 1,
    "info": null,
    "isvisible": true,
    "kiosk": {
        "@class": "com.kony.gen.viz.model.component.property.image2.KioskImage2Property",
        "render": true
    },
    "kuid": "p2kwiet341880914326",
    "name": "kony.ui.Image2",
    "parent": "hbxDescription2",
    "pf": "frmHome",
    "spa": {
        "@class": "com.kony.gen.viz.model.component.property.image2.SPAImage2Property"
    },
    "srcType": 1,
    "vexpand": false,
    "wType": "Image",
    "widgetalignment": 5
}