{
    "DNDConfig": null,
    "_enabled_": false,
    "_padding_": [
        0,
        0,
        0,
        0
    ],
    "_skin_": "s1807f56e70f4e11b7ed1db2b486f29b",
    "_text_": "Encrypting and Decrypting a given text",
    "_wrapping_": 2,
    "canUpdateUI": true,
    "containerweight": 89,
    "contentalignment": 4,
    "desktopweb": {
        "@class": "com.kony.gen.viz.model.component.property.label.DesktopWebLabelProperty",
        "_margin_": [
            2,
            0,
            5,
            0
        ],
        "margin": [
            2,
            0,
            5,
            0
        ],
        "marginInPixel": false,
        "psp": {
            "textCopyable": false
        },
        "render": true
    },
    "hexpand": true,
    "id": "lblDescription1",
    "info": null,
    "isvisible": true,
    "kiosk": {
        "@class": "com.kony.gen.viz.model.component.property.label.KioskLabelProperty",
        "render": true
    },
    "kuid": "p2kwiet341880914324",
    "name": "kony.ui.Label",
    "paddinginpixel": false,
    "parent": "hbxDescription1",
    "pf": "frmHome",
    "spa": {
        "@class": "com.kony.gen.viz.model.component.property.label.SPALabelProperty",
        "psp": {
            "textCopyable": false
        }
    },
    "tooltip": "",
    "vexpand": false,
    "wType": "Label",
    "widgetalignment": 5
}