{
    "DNDConfig": null,
    "_enabled_": false,
    "_margin_": [
        5,
        5,
        5,
        5
    ],
    "_padding_": [
        0,
        0,
        0,
        0
    ],
    "_skin_": "s1807f56e70f4e11b7ed1db2b486f29b",
    "_text_": "This Application will showcase the following features of Cryptography API",
    "_wrapping_": 2,
    "canUpdateUI": true,
    "containerweight": 100,
    "contentalignment": 4,
    "desktopweb": {
        "@class": "com.kony.gen.viz.model.component.property.label.DesktopWebLabelProperty",
        "_margin_": [
            5,
            5,
            5,
            0
        ],
        "margin": [
            5,
            5,
            5,
            0
        ],
        "marginInPixel": false,
        "psp": {
            "textCopyable": false
        },
        "render": true
    },
    "hexpand": true,
    "id": "lblHome",
    "info": null,
    "isvisible": true,
    "kiosk": {
        "@class": "com.kony.gen.viz.model.component.property.label.KioskLabelProperty",
        "render": true
    },
    "kuid": "p2kwiet341880914322",
    "margininpixel": false,
    "name": "kony.ui.Label",
    "paddinginpixel": false,
    "parent": "vbxDescriptionHome",
    "pf": "frmHome",
    "spa": {
        "@class": "com.kony.gen.viz.model.component.property.label.SPALabelProperty",
        "psp": {
            "textCopyable": false
        }
    },
    "tooltip": "",
    "vexpand": false,
    "wType": "Label",
    "widgetalignment": 5
}