{
    "DNDConfig": null,
    "_enabled_": false,
    "_margin_": [
        0,
        0,
        0,
        0
    ],
    "_padding_": [
        0,
        0,
        0,
        0
    ],
    "_skin_": "scb137f85fda4a30b5f7b8817d0f01a3",
    "_text_": "Continue",
    "android": {
        "@class": "com.kony.gen.viz.model.component.property.button.AndroidButtonProperty",
        "_margin_": [
            12,
            25,
            12,
            12
        ],
        "_padding_": [
            3,
            12,
            3,
            12
        ],
        "displayText": true,
        "margin": [
            12,
            25,
            12,
            12
        ],
        "marginInPixel": true,
        "padding": [
            3,
            12,
            3,
            12
        ],
        "paddingInPixel": true,
        "render": true
    },
    "canUpdateUI": true,
    "containerweight": 100,
    "contentalignment": 5,
    "displaytext": true,
    "focusskin": "s7f0453063b54e2695cee3b777e20aa8",
    "hexpand": true,
    "id": "btnContinue",
    "ide_onClick": "p2kwiet341880914172_btnContinue_onClick_seq0",
    "info": null,
    "iphone": {
        "@class": "com.kony.gen.viz.model.component.property.button.IPhoneButtonProperty",
        "_margin_": [
            12,
            25,
            12,
            12
        ],
        "_padding_": [
            3,
            12,
            3,
            12
        ],
        "displayText": true,
        "margin": [
            12,
            25,
            12,
            12
        ],
        "marginInPixel": true,
        "padding": [
            3,
            12,
            3,
            12
        ],
        "paddingInPixel": true,
        "psp": {
            "glowEffect": false
        },
        "render": true
    },
    "isvisible": true,
    "kuid": "p2kwiet341880914169",
    "margininpixel": false,
    "name": "kony.ui.Button",
    "onclick": "p2kwiet341880914172_btnContinue_onClick_seq0",
    "paddinginpixel": false,
    "parent": "frmAppDescription",
    "pf": "frmAppDescription",
    "spa": {
        "@class": "com.kony.gen.viz.model.component.property.button.SPAButtonProperty",
        "displayText": true
    },
    "spaan": {
        "@class": "com.kony.gen.viz.model.component.property.button.SPAAndroidButtonProperty",
        "_margin_": [
            4,
            11,
            4,
            4
        ],
        "_padding_": [
            1,
            3,
            1,
            3
        ],
        "margin": [
            4,
            11,
            4,
            4
        ],
        "marginInPixel": false,
        "padding": [
            1,
            3,
            1,
            3
        ],
        "paddingInPixel": false,
        "render": true
    },
    "spabb": {
        "@class": "com.kony.gen.viz.model.component.property.button.SPABBButtonProperty",
        "_margin_": [
            4,
            11,
            4,
            4
        ],
        "_padding_": [
            1,
            3,
            1,
            3
        ],
        "margin": [
            4,
            11,
            4,
            4
        ],
        "marginInPixel": false,
        "padding": [
            1,
            3,
            1,
            3
        ],
        "paddingInPixel": false,
        "render": true
    },
    "spaip": {
        "@class": "com.kony.gen.viz.model.component.property.button.SPAIPhoneButtonProperty",
        "_margin_": [
            4,
            11,
            4,
            4
        ],
        "_padding_": [
            1,
            3,
            1,
            3
        ],
        "margin": [
            4,
            11,
            4,
            4
        ],
        "marginInPixel": false,
        "padding": [
            1,
            3,
            1,
            3
        ],
        "paddingInPixel": false,
        "render": true
    },
    "spawinphone8": {
        "@class": "com.kony.gen.viz.model.component.property.button.SPAWinPhone8ButtonProperty",
        "render": true
    },
    "vexpand": false,
    "wType": "Button",
    "widgetalignment": 5,
    "winphone8": {
        "@class": "com.kony.gen.viz.model.component.property.button.WinPhone8ButtonProperty",
        "_margin_": [
            12,
            35,
            12,
            12
        ],
        "_padding_": [
            4,
            10,
            4,
            10
        ],
        "displayText": true,
        "margin": [
            12,
            35,
            12,
            12
        ],
        "marginInPixel": true,
        "padding": [
            4,
            10,
            4,
            10
        ],
        "paddingInPixel": true,
        "psp": {
            "enableCache": false
        },
        "render": true
    }
}