{
    "DNDConfig": null,
    "_enabled_": false,
    "_margin_": [
        0,
        0,
        0,
        0
    ],
    "_padding_": [
        0,
        0,
        0,
        0
    ],
    "_skin_": "s884b9cc53664902b030ba016790a310",
    "_title_": "Home",
    "addWidgetsdone": false,
    "allboxes": [],
    "android": {
        "@class": "com.kony.gen.viz.model.container.property.form.AndroidFormProperty",
        "displayOrientation": 3,
        "footerOverlap": false,
        "headerOverlap": false,
        "inTransitionConfig": {
            "formAnimation": 0
        },
        "isModal": false,
        "menuPosition": 2,
        "needAppMenu": true,
        "outTransitionConfig": {
            "formAnimation": 0
        },
        "psp": {
            "showActionBar": true,
            "showActionBarIcon": true,
            "titleBar": true,
            "titleBarSkin": "s4ff6c974896445da5711642cd88c494",
            "windowSoftInputMode": 1
        },
        "render": true
    },
    "canUpdateUI": true,
    "children": [
        "label117989709782753",
        "label15912550494",
        "rTxtDescription",
        "hbxDescription1",
        "hbxDescription2",
        "btnContinue"
    ],
    "containerheightreference": 1,
    "containerweight": 100,
    "displayorientation": 3,
    "enabledforidletimeout": false,
    "footeroverlap": false,
    "headeroverlap": false,
    "id": "frmAppDescription",
    "info": null,
    "initdone": false,
    "intransitionconfig": {
        "formTransition": "None"
    },
    "iphone": {
        "@class": "com.kony.gen.viz.model.container.property.form.IPhoneFormProperty",
        "displayOrientation": 3,
        "footerOverlap": false,
        "headerOverlap": false,
        "inTransitionConfig": {
            "transitionDirection": "none",
            "transitionEffect": "none"
        },
        "isModal": false,
        "needAppMenu": true,
        "outTransitionConfig": {
            "transitionDirection": "none",
            "transitionEffect": "none"
        },
        "psp": {
            "bounces": true,
            "configureExtendBottom": false,
            "configureExtendTop": false,
            "configureStatusBarStyle": false,
            "extendBottom": false,
            "extendTop": false,
            "formTransparencyDuringPostShow": 100,
            "inputAccessoryViewType": 1,
            "needsIndicatorDuringPostShow": true,
            "statusBarStyle": "STATUS_BAR_STYLE_DEFAULT",
            "titleBarConfig": {
                "buttonText": "",
                "leftButtonText": "",
                "prevFormTitle": true,
                "renderTitleText": true,
                "skinID": "sknTitleBarSampleApp",
                "titleBarLeftSideView": "none",
                "titleBarRightSideView": "none",
                "titleBarSkin": "sknTitleBarSampleApp",
                "visible": true
            }
        },
        "render": true,
        "titleBar": true
    },
    "ismodal": false,
    "isvisible": true,
    "kuid": "p2kwiet341880914172",
    "margininpixel": false,
    "menuposition": 2,
    "name": "kony.ui.Form2",
    "needappmenu": true,
    "outtransitionconfig": {
        "formTransition": "None"
    },
    "paddinginpixel": false,
    "percent": true,
    "restorewidgetprototypes": true,
    "retainscrollposition": false,
    "spa": {
        "@class": "com.kony.gen.viz.model.container.property.form.SPAFormProperty",
        "inTransitionConfig": {
            "formTransition": "none"
        },
        "isModal": false,
        "needAppMenu": false,
        "outTransitionConfig": {
            "formTransition": "none"
        },
        "psp": {
            "dockableAppMenu": true,
            "dockableFooter": true,
            "dockableHeader": true
        }
    },
    "spaan": {
        "@class": "com.kony.gen.viz.model.container.property.form.SPAAndroidFormProperty",
        "needAppMenu": true,
        "render": true
    },
    "spabb": {
        "@class": "com.kony.gen.viz.model.container.property.form.SPABBFormProperty",
        "needAppMenu": true,
        "render": true
    },
    "spaip": {
        "@class": "com.kony.gen.viz.model.container.property.form.SPAIPhoneFormProperty",
        "needAppMenu": true,
        "render": true
    },
    "spawinphone8": {
        "@class": "com.kony.gen.viz.model.container.property.form.SPAWinPhone8FormProperty",
        "needAppMenu": true,
        "render": true
    },
    "templateType": "forms",
    "titleBarSkin": "s4ff6c974896445da5711642cd88c494",
    "titlebar": true,
    "transparencybehindthepopup": 100,
    "type": 3,
    "wType": "Form",
    "widgetalignment": 1,
    "winphone8": {
        "@class": "com.kony.gen.viz.model.container.property.form.WinPhone8FormProperty",
        "displayOrientation": 3,
        "inTransitionConfig": {
            "transitionSpeed": 0
        },
        "needAppMenu": true,
        "outTransitionConfig": {
            "transitionSpeed": 0
        },
        "psp": {
            "animateHeaderFooter": false,
            "enableCache": false,
            "maxAppMenuButtons": 4
        },
        "render": true
    }
}