{
    "DNDConfig": null,
    "_enabled_": false,
    "_margin_": [
        0,
        0,
        0,
        0
    ],
    "_orientation_": 1,
    "_padding_": [
        0,
        0,
        0,
        0
    ],
    "_percent_": true,
    "_position_": 3,
    "_resize_": true,
    "_skin_": "s3d3329045b041a6a3453c0cf3b28b1f",
    "allboxes": [],
    "android": {
        "@class": "com.kony.gen.viz.model.container.property.hbox.AndroidHBoxProperty",
        "_position_": 3,
        "position": 3,
        "render": true
    },
    "borderCollapse": false,
    "canUpdateUI": true,
    "children": [
        "imgBullet1",
        "lblDescription1"
    ],
    "containerweight": 100,
    "id": "hbxDescription1",
    "info": null,
    "iphone": {
        "@class": "com.kony.gen.viz.model.container.property.hbox.IPhoneHBoxProperty",
        "_position_": 3,
        "position": 3,
        "render": true
    },
    "isvisible": true,
    "kuid": "p2kwiet341880914165",
    "layoutalignment": 3,
    "margininpixel": false,
    "name": "kony.ui.Box",
    "paddinginpixel": false,
    "parent": "frmAppDescription",
    "pf": "frmAppDescription",
    "spa": {
        "@class": "com.kony.gen.viz.model.container.property.hbox.SPAHBoxProperty"
    },
    "spaan": {
        "@class": "com.kony.gen.viz.model.container.property.hbox.SPAAndroidHBoxProperty",
        "_margin_": [
            2,
            0,
            0,
            0
        ],
        "_padding_": [
            0,
            0,
            0,
            0
        ],
        "margin": [
            2,
            0,
            0,
            0
        ],
        "marginInPixel": false,
        "padding": [
            0,
            0,
            0,
            0
        ],
        "paddingInPixel": false,
        "render": true
    },
    "spabb": {
        "@class": "com.kony.gen.viz.model.container.property.hbox.SPABBHBoxProperty",
        "_padding_": [
            0,
            0,
            0,
            0
        ],
        "padding": [
            0,
            0,
            0,
            0
        ],
        "paddingInPixel": false,
        "render": true
    },
    "spaip": {
        "@class": "com.kony.gen.viz.model.container.property.hbox.SPAIPhoneHBoxProperty",
        "_margin_": [
            2,
            0,
            0,
            0
        ],
        "_padding_": [
            0,
            0,
            0,
            0
        ],
        "margin": [
            2,
            0,
            0,
            0
        ],
        "marginInPixel": false,
        "padding": [
            0,
            0,
            0,
            0
        ],
        "paddingInPixel": false,
        "render": true
    },
    "spawinphone8": {
        "@class": "com.kony.gen.viz.model.container.property.hbox.SPAWinPhone8HBoxProperty",
        "render": true
    },
    "templateType": "forms",
    "wType": "HBox",
    "widgetalignment": 1,
    "winphone8": {
        "@class": "com.kony.gen.viz.model.container.property.hbox.WinPhone8HBoxProperty",
        "_position_": 3,
        "position": 3,
        "psp": {
            "enableCache": false
        },
        "render": true
    }
}