{
    "DNDConfig": null,
    "_enabled_": false,
    "_margin_": [
        0,
        0,
        0,
        0
    ],
    "_padding_": [
        1,
        1,
        1,
        1
    ],
    "_skin_": "s9b0d1f8edc246cc962e42abadedee7e",
    "_text_": "Home",
    "_wrapping_": 2,
    "android": {
        "@class": "com.kony.gen.viz.model.component.property.label.AndroidLabelProperty",
        "psp": {
            "textCopyable": false
        },
        "render": false
    },
    "canUpdateUI": true,
    "containerweight": 100,
    "contentalignment": 4,
    "hexpand": true,
    "id": "label15912550494",
    "info": null,
    "iphone": {
        "@class": "com.kony.gen.viz.model.component.property.label.IPhoneLabelProperty",
        "_margin_": [
            1,
            1,
            1,
            1
        ],
        "margin": [
            1,
            1,
            1,
            1
        ],
        "marginInPixel": true,
        "psp": {
            "textCopyable": false,
            "wrapping": 2
        },
        "render": false
    },
    "isvisible": true,
    "kuid": "p2kwiet341880914171",
    "margininpixel": false,
    "name": "kony.ui.Label",
    "paddinginpixel": false,
    "parent": "frmAppDescription",
    "pf": "frmAppDescription",
    "spa": {
        "@class": "com.kony.gen.viz.model.component.property.label.SPALabelProperty",
        "psp": {
            "textCopyable": false
        }
    },
    "spaan": {
        "@class": "com.kony.gen.viz.model.component.property.label.SPAAndroidLabelProperty",
        "render": false
    },
    "spabb": {
        "@class": "com.kony.gen.viz.model.component.property.label.SPABBLabelProperty",
        "render": false
    },
    "spaip": {
        "@class": "com.kony.gen.viz.model.component.property.label.SPAIPhoneLabelProperty",
        "render": false
    },
    "spawinphone8": {
        "@class": "com.kony.gen.viz.model.component.property.label.SPAWinPhone8LabelProperty",
        "render": true
    },
    "tooltip": "",
    "vexpand": false,
    "wType": "Label",
    "widgetalignment": 5,
    "winphone8": {
        "@class": "com.kony.gen.viz.model.component.property.label.WinPhone8LabelProperty",
        "_margin_": [
            1,
            1,
            1,
            1
        ],
        "margin": [
            1,
            1,
            1,
            1
        ],
        "marginInPixel": true,
        "psp": {
            "enableCache": false
        },
        "render": true
    }
}