{
    "DNDConfig": null,
    "_enabled_": false,
    "_margin_": [
        0,
        0,
        0,
        0
    ],
    "_padding_": [
        0,
        0,
        0,
        0
    ],
    "_skin_": "s55507b7b20541a6b20b2dbbd22b484c",
    "_text_": "Generating checksum",
    "_wrapping_": 2,
    "android": {
        "@class": "com.kony.gen.viz.model.component.property.label.AndroidLabelProperty",
        "_padding_": [
            6,
            5,
            6,
            0
        ],
        "padding": [
            6,
            5,
            6,
            0
        ],
        "paddingInPixel": true,
        "psp": {
            "textCopyable": false
        },
        "render": true
    },
    "canUpdateUI": true,
    "containerweight": 89,
    "contentalignment": 1,
    "hexpand": true,
    "id": "lblDescription2",
    "info": null,
    "iphone": {
        "@class": "com.kony.gen.viz.model.component.property.label.IPhoneLabelProperty",
        "_margin_": [
            1,
            1,
            1,
            1
        ],
        "_padding_": [
            6,
            5,
            6,
            0
        ],
        "margin": [
            1,
            1,
            1,
            1
        ],
        "marginInPixel": true,
        "padding": [
            6,
            5,
            6,
            0
        ],
        "paddingInPixel": true,
        "psp": {
            "textCopyable": false,
            "wrapping": 2
        },
        "render": true
    },
    "isvisible": true,
    "kuid": "p2kwiet341880914167",
    "margininpixel": false,
    "name": "kony.ui.Label",
    "paddinginpixel": false,
    "parent": "hbxDescription2",
    "pf": "frmAppDescription",
    "spa": {
        "@class": "com.kony.gen.viz.model.component.property.label.SPALabelProperty",
        "psp": {
            "textCopyable": false
        }
    },
    "spaan": {
        "@class": "com.kony.gen.viz.model.component.property.label.SPAAndroidLabelProperty",
        "_padding_": [
            1,
            2,
            1,
            2
        ],
        "padding": [
            1,
            2,
            1,
            2
        ],
        "paddingInPixel": false,
        "render": true
    },
    "spabb": {
        "@class": "com.kony.gen.viz.model.component.property.label.SPABBLabelProperty",
        "_padding_": [
            1,
            2,
            1,
            2
        ],
        "padding": [
            1,
            2,
            1,
            2
        ],
        "paddingInPixel": false,
        "render": true
    },
    "spaip": {
        "@class": "com.kony.gen.viz.model.component.property.label.SPAIPhoneLabelProperty",
        "_padding_": [
            1,
            2,
            1,
            2
        ],
        "padding": [
            1,
            2,
            1,
            2
        ],
        "paddingInPixel": false,
        "render": true
    },
    "spawinphone8": {
        "@class": "com.kony.gen.viz.model.component.property.label.SPAWinPhone8LabelProperty",
        "render": true
    },
    "tooltip": "",
    "vexpand": false,
    "wType": "Label",
    "widgetalignment": 1,
    "winphone8": {
        "@class": "com.kony.gen.viz.model.component.property.label.WinPhone8LabelProperty",
        "_margin_": [
            1,
            1,
            1,
            1
        ],
        "_padding_": [
            5,
            5,
            5,
            5
        ],
        "margin": [
            1,
            1,
            1,
            1
        ],
        "marginInPixel": true,
        "padding": [
            5,
            5,
            5,
            5
        ],
        "paddingInPixel": true,
        "psp": {
            "enableCache": false
        },
        "render": true
    }
}