{
    "DNDConfig": null,
    "_enabled_": false,
    "_margin_": [
        0,
        0,
        0,
        0
    ],
    "_padding_": [
        0,
        0,
        0,
        0
    ],
    "_render_": true,
    "_skin_": "s4f7dd77bf7b438abc20a1596046b208",
    "_text_": "This Application will showcase the following features of Cryptography API\n",
    "_wrapping_": 2,
    "android": {
        "@class": "com.kony.gen.viz.model.component.property.richtext.AndroidRichTextProperty",
        "_margin_": [
            12,
            15,
            12,
            0
        ],
        "margin": [
            12,
            15,
            12,
            0
        ],
        "marginInPixel": true,
        "render": true
    },
    "canUpdateUI": true,
    "containerweight": 100,
    "contentalignment": 4,
    "hexpand": true,
    "id": "rTxtDescription",
    "info": null,
    "iphone": {
        "@class": "com.kony.gen.viz.model.component.property.richtext.IPhoneRichTextProperty",
        "_margin_": [
            12,
            15,
            12,
            0
        ],
        "_padding_": [
            0,
            0,
            0,
            0
        ],
        "_wrapping_": 2,
        "margin": [
            12,
            15,
            12,
            0
        ],
        "marginInPixel": true,
        "padding": [
            0,
            0,
            0,
            0
        ],
        "paddingInPixel": true,
        "render": true,
        "wrapping": 2
    },
    "isvisible": true,
    "kuid": "p2kwiet341880914162",
    "margininpixel": false,
    "name": "kony.ui.RichText",
    "paddinginpixel": false,
    "parent": "frmAppDescription",
    "pf": "frmAppDescription",
    "spa": {
        "@class": "com.kony.gen.viz.model.component.property.richtext.SPARichTextProperty"
    },
    "spaan": {
        "@class": "com.kony.gen.viz.model.component.property.richtext.SPAAndroidRichTextProperty",
        "_margin_": [
            4,
            5,
            4,
            4
        ],
        "_padding_": [
            0,
            0,
            0,
            0
        ],
        "margin": [
            4,
            5,
            4,
            4
        ],
        "marginInPixel": false,
        "padding": [
            0,
            0,
            0,
            0
        ],
        "paddingInPixel": false,
        "render": true
    },
    "spabb": {
        "@class": "com.kony.gen.viz.model.component.property.richtext.SPABBRichTextProperty",
        "_margin_": [
            4,
            5,
            4,
            4
        ],
        "_padding_": [
            0,
            0,
            0,
            0
        ],
        "margin": [
            4,
            5,
            4,
            4
        ],
        "marginInPixel": false,
        "padding": [
            0,
            0,
            0,
            0
        ],
        "paddingInPixel": false,
        "render": true
    },
    "spaip": {
        "@class": "com.kony.gen.viz.model.component.property.richtext.SPAIPhoneRichTextProperty",
        "_margin_": [
            4,
            5,
            4,
            4
        ],
        "_padding_": [
            0,
            0,
            0,
            0
        ],
        "margin": [
            4,
            5,
            4,
            4
        ],
        "marginInPixel": false,
        "padding": [
            0,
            0,
            0,
            0
        ],
        "paddingInPixel": false,
        "render": true
    },
    "spawinphone8": {
        "@class": "com.kony.gen.viz.model.component.property.richtext.SPAWinPhone8RichTextProperty",
        "render": true
    },
    "vexpand": false,
    "wType": "RichText",
    "widgetalignment": 5,
    "winphone8": {
        "@class": "com.kony.gen.viz.model.component.property.richtext.WinPhone8RichTextProperty",
        "_margin_": [
            12,
            15,
            12,
            12
        ],
        "_padding_": [
            1,
            1,
            1,
            1
        ],
        "margin": [
            12,
            15,
            12,
            12
        ],
        "marginInPixel": true,
        "padding": [
            1,
            1,
            1,
            1
        ],
        "paddingInPixel": true,
        "psp": {
            "enableCache": false
        },
        "render": true
    }
}