{
    "DNDConfig": null,
    "_enabled_": false,
    "_margin_": [
        5,
        5,
        5,
        5
    ],
    "_padding_": [
        0,
        0,
        0,
        0
    ],
    "_skin_": "scb137f85fda4a30b5f7b8817d0f01a3",
    "_text_": "Continue",
    "android": {
        "@class": "com.kony.gen.viz.model.component.property.button.AndroidButtonProperty",
        "_margin_": [
            25,
            4,
            25,
            4
        ],
        "_padding_": [
            1,
            3,
            1,
            3
        ],
        "displayText": true,
        "margin": [
            25,
            4,
            25,
            4
        ],
        "marginInPixel": false,
        "padding": [
            1,
            3,
            1,
            3
        ],
        "paddingInPixel": false,
        "render": true
    },
    "canUpdateUI": true,
    "containerweight": 100,
    "contentalignment": 5,
    "displaytext": true,
    "focusskin": "s7f0453063b54e2695cee3b777e20aa8",
    "hexpand": true,
    "id": "btnHome",
    "ide_onClick": "p2kwiet341880914267_btnHome_onClick_seq0",
    "info": null,
    "ipad": {
        "@class": "com.kony.gen.viz.model.component.property.button.IPadButtonProperty",
        "_margin_": [
            25,
            4,
            25,
            4
        ],
        "_padding_": [
            3,
            15,
            3,
            15
        ],
        "displayText": true,
        "margin": [
            25,
            4,
            25,
            4
        ],
        "marginInPixel": false,
        "padding": [
            3,
            15,
            3,
            15
        ],
        "paddingInPixel": true,
        "psp": {
            "glowEffect": false
        },
        "render": true
    },
    "isvisible": true,
    "kuid": "p2kwiet341880914265",
    "margininpixel": false,
    "name": "kony.ui.Button",
    "onclick": "p2kwiet341880914267_btnHome_onClick_seq0",
    "paddinginpixel": false,
    "parent": "frmHome",
    "pf": "frmHome",
    "spa": {
        "@class": "com.kony.gen.viz.model.component.property.button.SPAButtonProperty",
        "displayText": true
    },
    "spaandroidtablet": {
        "@class": "com.kony.gen.viz.model.component.property.button.SPAAndroidTabletButtonProperty",
        "_margin_": [
            25,
            4,
            25,
            4
        ],
        "_padding_": [
            1,
            2,
            1,
            2
        ],
        "margin": [
            25,
            4,
            25,
            4
        ],
        "marginInPixel": false,
        "padding": [
            1,
            2,
            1,
            2
        ],
        "paddingInPixel": false,
        "render": true
    },
    "spaipad": {
        "@class": "com.kony.gen.viz.model.component.property.button.SPAIPadButtonProperty",
        "_margin_": [
            25,
            4,
            25,
            4
        ],
        "_padding_": [
            1,
            2,
            1,
            2
        ],
        "margin": [
            25,
            4,
            25,
            4
        ],
        "marginInPixel": false,
        "padding": [
            1,
            2,
            1,
            2
        ],
        "paddingInPixel": false,
        "render": true
    },
    "spawindowstablet": {
        "@class": "com.kony.gen.viz.model.component.property.button.SPAWindowsTabletButtonProperty",
        "render": true
    },
    "vexpand": false,
    "wType": "Button",
    "widgetalignment": 5,
    "windows8": {
        "@class": "com.kony.gen.viz.model.component.property.button.Windows8ButtonProperty",
        "_margin_": [
            120,
            80,
            50,
            16
        ],
        "_padding_": [
            5,
            5,
            5,
            5
        ],
        "displayText": true,
        "margin": [
            120,
            80,
            50,
            16
        ],
        "marginInPixel": true,
        "padding": [
            5,
            5,
            5,
            5
        ],
        "paddingInPixel": true,
        "render": true
    }
}