{
    "DNDConfig": null,
    "_enabled_": false,
    "_margin_": [
        0,
        0,
        0,
        0
    ],
    "_orientation_": 1,
    "_padding_": [
        1,
        1,
        1,
        1
    ],
    "_percent_": true,
    "_position_": 3,
    "_resize_": true,
    "_skin_": "s03343c8bd474921936b4b4aaaca308d",
    "allboxes": [],
    "android": {
        "@class": "com.kony.gen.viz.model.container.property.hbox.AndroidHBoxProperty",
        "_margin_": [
            2,
            5,
            2,
            2
        ],
        "_position_": 3,
        "margin": [
            2,
            5,
            2,
            2
        ],
        "marginInPixel": false,
        "position": 3,
        "render": true
    },
    "borderCollapse": false,
    "canUpdateUI": true,
    "children": [
        "vbxDescriptionHome"
    ],
    "containerweight": 100,
    "focusskin": "s03343c8bd474921936b4b4aaaca308d",
    "id": "hbxDescriptionHome",
    "info": null,
    "ipad": {
        "@class": "com.kony.gen.viz.model.container.property.hbox.IPadHBoxProperty",
        "_margin_": [
            2,
            5,
            2,
            2
        ],
        "_position_": 3,
        "margin": [
            2,
            5,
            2,
            2
        ],
        "marginInPixel": false,
        "position": 3,
        "render": true
    },
    "isvisible": true,
    "kuid": "p2kwiet341880914264",
    "layoutalignment": 3,
    "margininpixel": false,
    "name": "kony.ui.Box",
    "paddinginpixel": false,
    "parent": "frmHome",
    "pf": "frmHome",
    "spa": {
        "@class": "com.kony.gen.viz.model.container.property.hbox.SPAHBoxProperty"
    },
    "spaandroidtablet": {
        "@class": "com.kony.gen.viz.model.container.property.hbox.SPAAndroidTabletHBoxProperty",
        "_margin_": [
            2,
            5,
            2,
            2
        ],
        "margin": [
            2,
            5,
            2,
            2
        ],
        "marginInPixel": false,
        "render": true
    },
    "spaipad": {
        "@class": "com.kony.gen.viz.model.container.property.hbox.SPAIPadHBoxProperty",
        "_margin_": [
            2,
            5,
            2,
            2
        ],
        "margin": [
            2,
            5,
            2,
            2
        ],
        "marginInPixel": false,
        "render": true
    },
    "spawindowstablet": {
        "@class": "com.kony.gen.viz.model.container.property.hbox.SPAWindowsTabletHBoxProperty",
        "render": true
    },
    "templateType": "forms",
    "wType": "HBox",
    "widgetalignment": 1,
    "windows8": {
        "@class": "com.kony.gen.viz.model.container.property.hbox.Windows8HBoxProperty",
        "_margin_": [
            120,
            1,
            50,
            1
        ],
        "_position_": 3,
        "margin": [
            120,
            1,
            50,
            1
        ],
        "marginInPixel": true,
        "position": 3,
        "render": true
    }
}