{
    "DNDConfig": null,
    "_base64_": null,
    "_enabled_": false,
    "_skin_": "safe9d0f27a24e5a90665498cfcb8cb1",
    "_src_": "bullet_balck.png",
    "_text_": "bullet_balck.png",
    "android": {
        "@class": "com.kony.gen.viz.model.component.property.image2.AndroidImage2Property",
        "_margin_": [
            4,
            1,
            0,
            0
        ],
        "_padding_": [
            0,
            0,
            0,
            2
        ],
        "margin": [
            4,
            1,
            0,
            0
        ],
        "marginInPixel": false,
        "padding": [
            0,
            0,
            0,
            2
        ],
        "paddingInPixel": false,
        "render": true
    },
    "canUpdateUI": true,
    "containerweight": 11,
    "contentalignment": 5,
    "hexpand": false,
    "id": "imgBullet1",
    "imagescalemode": 1,
    "info": null,
    "ipad": {
        "@class": "com.kony.gen.viz.model.component.property.image2.IPadImage2Property",
        "_margin_": [
            4,
            3,
            0,
            0
        ],
        "_padding_": [
            0,
            0,
            0,
            0
        ],
        "margin": [
            4,
            3,
            0,
            0
        ],
        "marginInPixel": false,
        "padding": [
            0,
            0,
            0,
            0
        ],
        "paddingInPixel": false,
        "psp": {
            "glossyEffect": 0
        },
        "render": true
    },
    "isvisible": true,
    "kuid": "p2kwiet341880914257",
    "name": "kony.ui.Image2",
    "parent": "hbxDescription1",
    "pf": "frmHome",
    "spa": {
        "@class": "com.kony.gen.viz.model.component.property.image2.SPAImage2Property"
    },
    "spaandroidtablet": {
        "@class": "com.kony.gen.viz.model.component.property.image2.SPAAndroidTabletImage2Property",
        "_margin_": [
            0,
            2,
            0,
            0
        ],
        "_padding_": [
            0,
            0,
            0,
            0
        ],
        "margin": [
            0,
            2,
            0,
            0
        ],
        "marginInPixel": false,
        "padding": [
            0,
            0,
            0,
            0
        ],
        "paddingInPixel": false,
        "render": true
    },
    "spaipad": {
        "@class": "com.kony.gen.viz.model.component.property.image2.SPAIPadImage2Property",
        "_margin_": [
            0,
            0,
            0,
            0
        ],
        "_padding_": [
            4,
            0,
            0,
            0
        ],
        "margin": [
            0,
            0,
            0,
            0
        ],
        "marginInPixel": false,
        "padding": [
            4,
            0,
            0,
            0
        ],
        "paddingInPixel": false,
        "render": true
    },
    "spawindowstablet": {
        "@class": "com.kony.gen.viz.model.component.property.image2.SPAWindowsTabletImage2Property",
        "render": true
    },
    "srcType": 1,
    "vexpand": false,
    "wType": "Image",
    "widgetalignment": 5,
    "windows8": {
        "@class": "com.kony.gen.viz.model.component.property.image2.Windows8Image2Property",
        "render": true
    }
}