{
    "DNDConfig": null,
    "_enabled_": false,
    "_padding_": [
        0,
        0,
        0,
        0
    ],
    "_skin_": "s1807f56e70f4e11b7ed1db2b486f29b",
    "_text_": "This Application will showcase the following features of Cryptography API",
    "_wrapping_": 2,
    "android": {
        "@class": "com.kony.gen.viz.model.component.property.label.AndroidLabelProperty",
        "_margin_": [
            5,
            5,
            5,
            0
        ],
        "_padding_": [
            0,
            0,
            0,
            1
        ],
        "margin": [
            5,
            5,
            5,
            0
        ],
        "marginInPixel": false,
        "padding": [
            0,
            0,
            0,
            1
        ],
        "paddingInPixel": false,
        "psp": {
            "textCopyable": false
        },
        "render": true
    },
    "canUpdateUI": true,
    "containerweight": 100,
    "contentalignment": 4,
    "hexpand": true,
    "id": "lblHome",
    "info": null,
    "ipad": {
        "@class": "com.kony.gen.viz.model.component.property.label.IPadLabelProperty",
        "_margin_": [
            5,
            5,
            5,
            0
        ],
        "margin": [
            5,
            5,
            5,
            0
        ],
        "marginInPixel": true,
        "psp": {
            "textCopyable": false,
            "wrapping": 2
        },
        "render": true
    },
    "isvisible": true,
    "kuid": "p2kwiet341880914256",
    "name": "kony.ui.Label",
    "paddinginpixel": false,
    "parent": "vbxDescriptionHome",
    "pf": "frmHome",
    "spa": {
        "@class": "com.kony.gen.viz.model.component.property.label.SPALabelProperty",
        "psp": {
            "textCopyable": false
        }
    },
    "spaandroidtablet": {
        "@class": "com.kony.gen.viz.model.component.property.label.SPAAndroidTabletLabelProperty",
        "_margin_": [
            5,
            2,
            5,
            0
        ],
        "_padding_": [
            0,
            0,
            0,
            0
        ],
        "margin": [
            5,
            2,
            5,
            0
        ],
        "marginInPixel": false,
        "padding": [
            0,
            0,
            0,
            0
        ],
        "paddingInPixel": false,
        "render": true
    },
    "spaipad": {
        "@class": "com.kony.gen.viz.model.component.property.label.SPAIPadLabelProperty",
        "_margin_": [
            5,
            1,
            0,
            0
        ],
        "_padding_": [
            1,
            1,
            0,
            0
        ],
        "margin": [
            5,
            1,
            0,
            0
        ],
        "marginInPixel": false,
        "padding": [
            1,
            1,
            0,
            0
        ],
        "paddingInPixel": false,
        "render": true
    },
    "spawindowstablet": {
        "@class": "com.kony.gen.viz.model.component.property.label.SPAWindowsTabletLabelProperty",
        "render": false
    },
    "tooltip": "",
    "vexpand": false,
    "wType": "Label",
    "widgetalignment": 5,
    "windows8": {
        "@class": "com.kony.gen.viz.model.component.property.label.Windows8LabelProperty",
        "render": false
    }
}