{
    "DNDConfig": null,
    "_enabled_": false,
    "_margin_": [
        2,
        2,
        2,
        2
    ],
    "_padding_": [
        0,
        3,
        0,
        3
    ],
    "_skin_": "scb137f85fda4a30b5f7b8817d0f01a3",
    "_text_": "Generate hash value (MD4 algo)",
    "android": {
        "@class": "com.kony.gen.viz.model.component.property.button.AndroidButtonProperty",
        "_margin_": [
            2,
            2,
            2,
            2
        ],
        "displayText": true,
        "margin": [
            2,
            2,
            2,
            2
        ],
        "marginInPixel": false,
        "render": true
    },
    "canUpdateUI": true,
    "containerweight": 100,
    "contentalignment": 5,
    "displaytext": true,
    "focusskin": "s7f0453063b54e2695cee3b777e20aa8",
    "hexpand": true,
    "id": "btnMd4",
    "ide_onClick": "p2kwiet341880914201_btnMd4_onClick_seq0",
    "info": null,
    "iphone": {
        "@class": "com.kony.gen.viz.model.component.property.button.IPhoneButtonProperty",
        "_margin_": [
            2,
            4,
            2,
            2
        ],
        "_padding_": [
            0,
            2,
            0,
            2
        ],
        "displayText": true,
        "margin": [
            2,
            4,
            2,
            2
        ],
        "marginInPixel": false,
        "padding": [
            0,
            2,
            0,
            2
        ],
        "paddingInPixel": false,
        "psp": {
            "glowEffect": false
        },
        "render": true
    },
    "isvisible": true,
    "kuid": "p2kwiet341880914190",
    "margininpixel": false,
    "name": "kony.ui.Button",
    "onclick": "p2kwiet341880914201_btnMd4_onClick_seq0",
    "paddinginpixel": false,
    "parent": "vbxMd4",
    "pf": "frmCrypto",
    "spa": {
        "@class": "com.kony.gen.viz.model.component.property.button.SPAButtonProperty",
        "displayText": true
    },
    "spaan": {
        "@class": "com.kony.gen.viz.model.component.property.button.SPAAndroidButtonProperty",
        "_margin_": [
            2,
            2,
            2,
            2
        ],
        "margin": [
            2,
            2,
            2,
            2
        ],
        "marginInPixel": false,
        "render": true
    },
    "spabb": {
        "@class": "com.kony.gen.viz.model.component.property.button.SPABBButtonProperty",
        "_margin_": [
            2,
            2,
            2,
            2
        ],
        "margin": [
            2,
            2,
            2,
            2
        ],
        "marginInPixel": false,
        "render": true
    },
    "spaip": {
        "@class": "com.kony.gen.viz.model.component.property.button.SPAIPhoneButtonProperty",
        "_margin_": [
            2,
            2,
            2,
            2
        ],
        "margin": [
            2,
            2,
            2,
            2
        ],
        "marginInPixel": false,
        "render": true
    },
    "spawinphone8": {
        "@class": "com.kony.gen.viz.model.component.property.button.SPAWinPhone8ButtonProperty",
        "render": true
    },
    "vexpand": false,
    "wType": "Button",
    "widgetalignment": 5,
    "winphone8": {
        "@class": "com.kony.gen.viz.model.component.property.button.WinPhone8ButtonProperty",
        "_margin_": [
            2,
            2,
            2,
            2
        ],
        "displayText": true,
        "margin": [
            2,
            2,
            2,
            2
        ],
        "marginInPixel": false,
        "psp": {
            "enableCache": false
        },
        "render": true
    }
}