{
    "DNDConfig": null,
    "_enabled_": false,
    "_margin_": [
        2,
        2,
        2,
        2
    ],
    "_orientation_": 1,
    "_padding_": [
        1,
        1,
        1,
        1
    ],
    "_percent_": true,
    "_position_": 3,
    "_resize_": true,
    "_skin_": "s618b3b57503433fa99b8aa8a3f89311",
    "allboxes": [],
    "android": {
        "@class": "com.kony.gen.viz.model.container.property.hbox.AndroidHBoxProperty",
        "_margin_": [
            2,
            2,
            2,
            2
        ],
        "_position_": 3,
        "margin": [
            2,
            2,
            2,
            2
        ],
        "marginInPixel": false,
        "position": 3,
        "render": true
    },
    "borderCollapse": false,
    "canUpdateUI": true,
    "children": [
        "vbxMd5"
    ],
    "containerweight": 100,
    "focusskin": "s23c9caf6c1543e4b7b3af4f43a2f6dd",
    "id": "hbxMd5",
    "info": null,
    "iphone": {
        "@class": "com.kony.gen.viz.model.container.property.hbox.IPhoneHBoxProperty",
        "_margin_": [
            2,
            2,
            2,
            2
        ],
        "_position_": 3,
        "margin": [
            2,
            2,
            2,
            2
        ],
        "marginInPixel": false,
        "position": 3,
        "render": true
    },
    "isvisible": true,
    "kuid": "p2kwiet341880914198",
    "layoutalignment": 3,
    "margininpixel": false,
    "name": "kony.ui.Box",
    "paddinginpixel": false,
    "parent": "frmCrypto",
    "pf": "frmCrypto",
    "spa": {
        "@class": "com.kony.gen.viz.model.container.property.hbox.SPAHBoxProperty"
    },
    "spaan": {
        "@class": "com.kony.gen.viz.model.container.property.hbox.SPAAndroidHBoxProperty",
        "_margin_": [
            2,
            2,
            2,
            2
        ],
        "margin": [
            2,
            2,
            2,
            2
        ],
        "marginInPixel": false,
        "render": true
    },
    "spabb": {
        "@class": "com.kony.gen.viz.model.container.property.hbox.SPABBHBoxProperty",
        "_margin_": [
            2,
            2,
            2,
            2
        ],
        "margin": [
            2,
            2,
            2,
            2
        ],
        "marginInPixel": false,
        "render": true
    },
    "spaip": {
        "@class": "com.kony.gen.viz.model.container.property.hbox.SPAIPhoneHBoxProperty",
        "_margin_": [
            2,
            2,
            2,
            2
        ],
        "margin": [
            2,
            2,
            2,
            2
        ],
        "marginInPixel": false,
        "render": true
    },
    "spawinphone8": {
        "@class": "com.kony.gen.viz.model.container.property.hbox.SPAWinPhone8HBoxProperty",
        "render": true
    },
    "templateType": "forms",
    "wType": "HBox",
    "widgetalignment": 1,
    "winphone8": {
        "@class": "com.kony.gen.viz.model.container.property.hbox.WinPhone8HBoxProperty",
        "_margin_": [
            2,
            2,
            2,
            2
        ],
        "_position_": 3,
        "margin": [
            2,
            2,
            2,
            2
        ],
        "marginInPixel": false,
        "position": 3,
        "psp": {
            "enableCache": false
        },
        "render": true
    }
}