{
    "DNDConfig": null,
    "_enabled_": false,
    "_margin_": [
        0,
        0,
        0,
        0
    ],
    "_orientation_": 2,
    "_padding_": [
        1,
        1,
        1,
        1
    ],
    "_resize_": true,
    "_skin_": "s26257769afc4d5797401eb07c203241",
    "allboxes": [],
    "android": {
        "@class": "com.kony.gen.viz.model.container.property.vbox.AndroidVBoxProperty",
        "render": true
    },
    "borderCollapse": false,
    "canUpdateUI": true,
    "children": [
        "txtMD4Hash",
        "btnMd4",
        "lblMD4Hash"
    ],
    "containerweight": 100,
    "id": "vbxMd4",
    "info": null,
    "iphone": {
        "@class": "com.kony.gen.viz.model.container.property.vbox.IPhoneVBoxProperty",
        "render": true
    },
    "isvisible": true,
    "kuid": "p2kwiet341880914192",
    "margininpixel": false,
    "name": "kony.ui.Box",
    "paddinginpixel": false,
    "parent": "hbxMd4",
    "pf": "frmCrypto",
    "spa": {
        "@class": "com.kony.gen.viz.model.container.property.vbox.SPAVBoxProperty"
    },
    "spaan": {
        "@class": "com.kony.gen.viz.model.container.property.vbox.SPAAndroidVBoxProperty",
        "render": true
    },
    "spabb": {
        "@class": "com.kony.gen.viz.model.container.property.vbox.SPABBVBoxProperty",
        "render": true
    },
    "spaip": {
        "@class": "com.kony.gen.viz.model.container.property.vbox.SPAIPhoneVBoxProperty",
        "render": true
    },
    "spawinphone8": {
        "@class": "com.kony.gen.viz.model.container.property.vbox.SPAWinPhone8VBoxProperty",
        "render": true
    },
    "templateType": "forms",
    "wType": "VBox",
    "widgetalignment": 1,
    "winphone8": {
        "@class": "com.kony.gen.viz.model.container.property.vbox.WinPhone8VBoxProperty",
        "psp": {
            "enableCache": false
        },
        "render": true
    }
}