{
    "applicableblockedUIWidget": "Button",
    "background_color": "ffffff00",
    "background_style": "vg",
    "bg_type": "one",
    "blockedimgURL": "",
    "border_color": "efefefff",
    "border_radius": 0,
    "border_style": "rc",
    "border_type": 0,
    "border_width": 1,
    "bottom_left_border_color": "000000ff",
    "bottom_left_border_radius": 10,
    "bottom_left_border_width": 0,
    "bottom_right_border_color": "000000ff",
    "bottom_right_border_radius": 10,
    "bottom_right_border_width": 0,
    "desktopweb": {
        "applicableblockedUIWidget": "Button",
        "backgroundSize": false,
        "background_color": "ffffff00",
        "background_style": "vg",
        "bg_type": "one",
        "blockedimgURL": "",
        "border_color": "efefefff",
        "border_radius": 0,
        "border_style": "plain",
        "border_type": 0,
        "border_width": 1,
        "bottom_left_border_color": "efefefff",
        "bottom_left_border_radius": 10,
        "bottom_left_border_width": 1,
        "bottom_right_border_color": "efefefff",
        "bottom_right_border_radius": 10,
        "bottom_right_border_width": 1,
        "font_color": "000000ff",
        "font_size": 100,
        "font_weight": "normal",
        "gridLineColor": "0000000",
        "id": "sknHbxNorml",
        "isCustomCSSEnabled": false,
        "isForked": true,
        "psp": {},
        "repeatImageHorizontally": false,
        "repeatImageVertically": false,
        "shadow": {
            "br": 0,
            "color": "000000",
            "inner": false,
            "x": 0,
            "y": 0
        },
        "text_shadow": {
            "br": 0,
            "color": "000000",
            "x": 0,
            "y": 0
        },
        "top_left_border_color": "efefefff",
        "top_left_border_radius": 10,
        "top_left_border_width": 1,
        "top_right_border_color": "efefefff",
        "top_right_border_radius": 10,
        "top_right_border_width": 1,
        "use_native": "false",
        "vizChannel": "desktopweb",
        "wType": "HBox"
    },
    "font_color": "000000ff",
    "font_size": 100,
    "font_weight": "normal",
    "gridLineColor": "0000000",
    "id": "sknHbxNorml",
    "isForked": false,
    "kuid": "s618b3b57503433fa99b8aa8a3f89311",
    "shadow": {
        "br": 0,
        "color": "000000",
        "inner": false,
        "x": 0,
        "y": 0
    },
    "spabb": {
        "applicableblockedUIWidget": "Button",
        "background_color": "ffffff00",
        "background_style": "vg",
        "bg_type": "one",
        "blockedimgURL": "",
        "border_color": "efefefff",
        "border_radius": 0,
        "border_style": "plain",
        "border_type": 0,
        "border_width": 1,
        "bottom_left_border_color": "efefefff",
        "bottom_left_border_radius": 10,
        "bottom_left_border_width": 1,
        "bottom_right_border_color": "efefefff",
        "bottom_right_border_radius": 10,
        "bottom_right_border_width": 1,
        "font_color": "000000ff",
        "font_size": 100,
        "font_weight": "normal",
        "gridLineColor": "0000000",
        "id": "sknHbxNorml",
        "isCustomCSSEnabled": false,
        "isForked": true,
        "psp": {},
        "shadow": {
            "br": 0,
            "color": "000000",
            "inner": false,
            "x": 0,
            "y": 0
        },
        "text_shadow": {
            "br": 0,
            "color": "000000",
            "x": 0,
            "y": 0
        },
        "top_left_border_color": "efefefff",
        "top_left_border_radius": 10,
        "top_left_border_width": 1,
        "top_right_border_color": "efefefff",
        "top_right_border_radius": 10,
        "top_right_border_width": 1,
        "use_native": "false",
        "vizChannel": "spabb",
        "wType": "HBox"
    },
    "spawinphone8": {
        "applicableblockedUIWidget": "Button",
        "backgroundSize": false,
        "background_color": "ffffff00",
        "background_style": "vg",
        "bg_type": "one",
        "blockedimgURL": "",
        "border_color": "efefefff",
        "border_radius": 0,
        "border_style": "plain",
        "border_type": 0,
        "border_width": 1,
        "bottom_left_border_color": "efefefff",
        "bottom_left_border_radius": 10,
        "bottom_left_border_width": 1,
        "bottom_right_border_color": "efefefff",
        "bottom_right_border_radius": 10,
        "bottom_right_border_width": 1,
        "font_color": "000000ff",
        "font_size": 100,
        "font_weight": "normal",
        "gridLineColor": "0000000",
        "id": "sknHbxNorml",
        "isCustomCSSEnabled": false,
        "isForked": true,
        "psp": {},
        "repeatImageHorizontally": false,
        "repeatImageVertically": false,
        "shadow": {
            "br": 0,
            "color": "000000",
            "inner": false,
            "x": 0,
            "y": 0
        },
        "text_shadow": {
            "br": 0,
            "color": "000000",
            "x": 0,
            "y": 0
        },
        "top_left_border_color": "efefefff",
        "top_left_border_radius": 10,
        "top_left_border_width": 1,
        "top_right_border_color": "efefefff",
        "top_right_border_radius": 10,
        "top_right_border_width": 1,
        "use_native": "false",
        "vizChannel": "spawinphone8",
        "wType": "HBox"
    },
    "text_shadow": {
        "br": 0,
        "color": "000000",
        "x": 0,
        "y": 0
    },
    "top_left_border_color": "000000ff",
    "top_left_border_radius": 10,
    "top_left_border_width": 0,
    "top_right_border_color": "000000ff",
    "top_right_border_radius": 10,
    "top_right_border_width": 0,
    "use_native": "false",
    "vizChannel": "default",
    "wType": "HBox",
    "winphone8": {
        "applicableblockedUIWidget": "Button",
        "background_color": "ffffff00",
        "background_style": "vg",
        "bg_type": "one",
        "blockedimgURL": "",
        "border_color": "efefefff",
        "border_radius": 0,
        "border_style": "plain",
        "border_type": 0,
        "border_width": 1,
        "bottom_left_border_color": "000000ff",
        "bottom_left_border_radius": 10,
        "bottom_left_border_width": 0,
        "bottom_right_border_color": "000000ff",
        "bottom_right_border_radius": 10,
        "bottom_right_border_width": 0,
        "font_color": "000000ff",
        "font_size": 100,
        "font_weight": "normal",
        "gridLineColor": "0000000",
        "id": "sknHbxNorml",
        "isCustomCSSEnabled": false,
        "isForked": true,
        "psp": {},
        "shadow": {
            "br": 0,
            "color": "000000",
            "inner": false,
            "x": 0,
            "y": 0
        },
        "text_shadow": {
            "br": 0,
            "color": "000000",
            "x": 0,
            "y": 0
        },
        "top_left_border_color": "000000ff",
        "top_left_border_radius": 10,
        "top_left_border_width": 0,
        "top_right_border_color": "000000ff",
        "top_right_border_radius": 10,
        "top_right_border_width": 0,
        "use_native": "false",
        "vizChannel": "winphone8",
        "wType": "HBox"
    }
}