{
    "applicableblockedUIWidget": "Button",
    "background_color": "ffffff00",
    "background_style": "vg",
    "bg_type": "one",
    "blockedimgURL": "",
    "border_color": "000000ff",
    "border_radius": 0,
    "border_style": "plain",
    "border_type": 0,
    "border_width": 0,
    "bottom_left_border_color": "000000ff",
    "bottom_left_border_radius": 10,
    "bottom_left_border_width": 0,
    "bottom_right_border_color": "000000ff",
    "bottom_right_border_radius": 10,
    "bottom_right_border_width": 0,
    "font_color": "4e4e4eff",
    "font_size": 180,
    "font_weight": "normal",
    "gridLineColor": "0000000",
    "id": "sknLblSpaTitleSampleApp",
    "isForked": false,
    "kuid": "s7498d8a64f74f7d9a7f611d1a61351a",
    "shadow": {
        "br": 0,
        "color": "000000",
        "inner": false,
        "x": 0,
        "y": 0
    },
    "spabb": {
        "applicableblockedUIWidget": "Button",
        "background_color": "ffffff00",
        "background_style": "vg",
        "bg_type": "one",
        "blockedimgURL": "",
        "border_color": "000000ff",
        "border_radius": 0,
        "border_style": "plain",
        "border_type": 0,
        "border_width": 0,
        "bottom_left_border_color": "000000ff",
        "bottom_left_border_radius": 10,
        "bottom_left_border_width": 0,
        "bottom_right_border_color": "000000ff",
        "bottom_right_border_radius": 10,
        "bottom_right_border_width": 0,
        "font_color": "4e4e4eff",
        "font_size": 100,
        "font_weight": "normal",
        "gridLineColor": "0000000",
        "id": "sknLblSpaTitleSampleApp",
        "isCustomCSSEnabled": false,
        "isForked": true,
        "psp": {},
        "shadow": {
            "br": 0,
            "color": "000000",
            "inner": false,
            "x": 0,
            "y": 0
        },
        "text_shadow": {
            "br": 0,
            "color": "000000",
            "x": 0,
            "y": 0
        },
        "top_left_border_color": "000000ff",
        "top_left_border_radius": 10,
        "top_left_border_width": 0,
        "top_right_border_color": "000000ff",
        "top_right_border_radius": 10,
        "top_right_border_width": 0,
        "use_native": "false",
        "vizChannel": "spabb",
        "wType": "Label"
    },
    "spawinphone8": {
        "applicableblockedUIWidget": "Button",
        "backgroundSize": false,
        "background_color": "ffffff00",
        "background_style": "vg",
        "bg_type": "one",
        "blockedimgURL": "",
        "border_color": "000000ff",
        "border_radius": 0,
        "border_style": "plain",
        "border_type": 0,
        "border_width": 0,
        "bottom_left_border_color": "000000ff",
        "bottom_left_border_radius": 10,
        "bottom_left_border_width": 0,
        "bottom_right_border_color": "000000ff",
        "bottom_right_border_radius": 10,
        "bottom_right_border_width": 0,
        "font_color": "4e4e4eff",
        "font_size": 100,
        "font_weight": "normal",
        "gridLineColor": "0000000",
        "id": "sknLblSpaTitleSampleApp",
        "isCustomCSSEnabled": false,
        "isForked": true,
        "psp": {},
        "repeatImageHorizontally": false,
        "repeatImageVertically": false,
        "shadow": {
            "br": 0,
            "color": "000000",
            "inner": false,
            "x": 0,
            "y": 0
        },
        "text_shadow": {
            "br": 0,
            "color": "000000",
            "x": 0,
            "y": 0
        },
        "top_left_border_color": "000000ff",
        "top_left_border_radius": 10,
        "top_left_border_width": 0,
        "top_right_border_color": "000000ff",
        "top_right_border_radius": 10,
        "top_right_border_width": 0,
        "use_native": "false",
        "vizChannel": "spawinphone8",
        "wType": "Label"
    },
    "text_shadow": {
        "br": 0,
        "color": "000000",
        "x": 0,
        "y": 0
    },
    "top_left_border_color": "000000ff",
    "top_left_border_radius": 10,
    "top_left_border_width": 0,
    "top_right_border_color": "000000ff",
    "top_right_border_radius": 10,
    "top_right_border_width": 0,
    "use_native": "false",
    "vizChannel": "default",
    "wType": "Label"
}