{
    "p2kwiet341880914317_button1930040990150784_onClick_seq0": {
        "id": "p2kwiet341880914317_button1930040990150784_onClick_seq0",
        "type": "ACTION_SEQUENCE",
        "params": [{
            "name": "eventobject",
            "value": "eventobject"
        }],
        "language": "js",
        "actions": [{
            "id": "customcode_onClick_591543418809145987",
            "type": "INVOKE_FUNCTION",
            "sequenceKUID": "createHashMD2",
            "display": "createHashMD2"
        }]
    }
}