{
    "p2kwiet341880914333_btnHome_onClick_seq0": {
        "id": "p2kwiet341880914333_btnHome_onClick_seq0",
        "type": "ACTION_SEQUENCE",
        "params": [{
            "name": "eventobject",
            "value": "eventobject"
        }],
        "language": "js",
        "actions": [{
            "id": "customcode_onClick_971273418809143836",
            "type": "INVOKE_FUNCTION",
            "sequenceKUID": "navigateToFrmCrypto",
            "display": "navigateToFrmCrypto"
        }]
    }
}