{
    "p2kwiet341880914317_button1930040990151315_onClick_seq0": {
        "id": "p2kwiet341880914317_button1930040990151315_onClick_seq0",
        "type": "ACTION_SEQUENCE",
        "params": [{
            "name": "eventobject",
            "value": "eventobject"
        }],
        "language": "js",
        "actions": [{
            "id": "customcode_onClick_999833418809141526",
            "type": "INVOKE_FUNCTION",
            "sequenceKUID": "createHashMD5",
            "display": "createHashMD5"
        }]
    }
}