{
    "p2kwiet341880914317_button1930040990147649_onClick_seq0": {
        "id": "p2kwiet341880914317_button1930040990147649_onClick_seq0",
        "type": "ACTION_SEQUENCE",
        "params": [{
            "name": "eventobject",
            "value": "eventobject"
        }],
        "language": "js",
        "actions": [{
            "id": "customcode_onClick_523743418809143309",
            "type": "INVOKE_FUNCTION",
            "sequenceKUID": "Encrypt",
            "display": "Encrypt"
        }]
    }
}