{
    "p2kwiet341880914317_button1930040990151288_onClick_seq0": {
        "id": "p2kwiet341880914317_button1930040990151288_onClick_seq0",
        "type": "ACTION_SEQUENCE",
        "params": [{
            "name": "eventobject",
            "value": "eventobject"
        }],
        "language": "js",
        "actions": [{
            "id": "customcode_onClick_78823418809142214",
            "type": "INVOKE_FUNCTION",
            "sequenceKUID": "createHashMD4",
            "display": "createHashMD4"
        }]
    }
}