{
    "DNDConfig": null,
    "_enabled_": false,
    "_margin_": [
        0,
        0,
        0,
        0
    ],
    "_padding_": [
        0,
        3,
        0,
        3
    ],
    "_skin_": "scb137f85fda4a30b5f7b8817d0f01a3",
    "_text_": "Generate",
    "canUpdateUI": true,
    "containerweight": 45,
    "contentalignment": 5,
    "desktopweb": {
        "@class": "com.kony.gen.viz.model.component.property.button.DesktopWebButtonProperty",
        "_margin_": [
            2,
            2,
            2,
            2
        ],
        "displayText": true,
        "margin": [
            2,
            2,
            2,
            2
        ],
        "marginInPixel": false,
        "render": true
    },
    "displaytext": true,
    "focusskin": "s7f0453063b54e2695cee3b777e20aa8",
    "hexpand": true,
    "id": "button1930040990150784",
    "ide_onClick": "p2kwiet341880914317_button1930040990150784_onClick_seq0",
    "info": null,
    "isvisible": true,
    "kiosk": {
        "@class": "com.kony.gen.viz.model.component.property.button.KioskButtonProperty",
        "render": true
    },
    "kuid": "p2kwiet341880914289",
    "margininpixel": false,
    "name": "kony.ui.Button",
    "onclick": "p2kwiet341880914317_button1930040990150784_onClick_seq0",
    "paddinginpixel": false,
    "parent": "hbox19302198661794",
    "pf": "frmCrypto",
    "spa": {
        "@class": "com.kony.gen.viz.model.component.property.button.SPAButtonProperty",
        "displayText": true
    },
    "vexpand": false,
    "wType": "Button",
    "widgetalignment": 5
}