{
    "DNDConfig": null,
    "_enabled_": false,
    "_margin_": [
        0,
        0,
        0,
        0
    ],
    "_orientation_": 1,
    "_padding_": [
        0,
        0,
        0,
        0
    ],
    "_percent_": true,
    "_position_": 3,
    "_resize_": true,
    "_skin_": "sf9d00040bb2441da0be75fd05ffb5fa",
    "allboxes": [],
    "borderCollapse": false,
    "canUpdateUI": true,
    "children": [
        "sbxNavigation"
    ],
    "containerweight": 100,
    "desktopweb": {
        "@class": "com.kony.gen.viz.model.container.property.hbox.DesktopWebHBoxProperty",
        "_position_": 3,
        "position": 3,
        "render": true
    },
    "id": "hboxNavigation",
    "info": null,
    "isvisible": true,
    "kiosk": {
        "@class": "com.kony.gen.viz.model.container.property.hbox.KioskHBoxProperty",
        "_position_": 3,
        "position": 3,
        "render": true
    },
    "kuid": "p2kwiet341880914274",
    "layoutalignment": 3,
    "layouttype": 0,
    "margininpixel": false,
    "name": "kony.ui.Box",
    "paddinginpixel": false,
    "parent": "vbxNavigation",
    "pf": "frmCrypto",
    "spa": {
        "@class": "com.kony.gen.viz.model.container.property.hbox.SPAHBoxProperty"
    },
    "templateType": "forms",
    "wType": "HBox",
    "widgetalignment": 1
}