{
    "DNDConfig": null,
    "_enabled_": false,
    "_margin_": [
        0,
        0,
        0,
        0
    ],
    "_orientation_": 1,
    "_padding_": [
        1,
        1,
        1,
        1
    ],
    "_percent_": true,
    "_position_": 3,
    "_resize_": true,
    "_skin_": "sc6cee88a8b24684ad7127df4f503dd0",
    "allboxes": [],
    "borderCollapse": false,
    "canUpdateUI": true,
    "children": [
        "vbox1930040990147647"
    ],
    "containerweight": 100,
    "desktopweb": {
        "@class": "com.kony.gen.viz.model.container.property.hbox.DesktopWebHBoxProperty",
        "_margin_": [
            2,
            2,
            2,
            2
        ],
        "_position_": 3,
        "margin": [
            2,
            2,
            2,
            2
        ],
        "marginInPixel": false,
        "position": 3,
        "render": true
    },
    "id": "hbxEncryptDecrypt",
    "info": null,
    "isvisible": true,
    "kiosk": {
        "@class": "com.kony.gen.viz.model.container.property.hbox.KioskHBoxProperty",
        "_position_": 3,
        "position": 3,
        "render": true
    },
    "kuid": "p2kwiet341880914286",
    "layoutalignment": 3,
    "layouttype": 0,
    "margininpixel": false,
    "name": "kony.ui.Box",
    "paddinginpixel": false,
    "parent": "vbxContent",
    "pf": "frmCrypto",
    "spa": {
        "@class": "com.kony.gen.viz.model.container.property.hbox.SPAHBoxProperty"
    },
    "templateType": "forms",
    "wType": "HBox",
    "widgetalignment": 1
}