{
    "DNDConfig": null,
    "_enabled_": false,
    "_margin_": [
        0,
        0,
        0,
        0
    ],
    "_padding_": [
        1,
        1,
        1,
        1
    ],
    "_skin_": "s55507b7b20541a6b20b2dbbd22b484c",
    "_text_": "",
    "_wrapping_": 2,
    "canUpdateUI": true,
    "containerweight": 100,
    "contentalignment": 4,
    "desktopweb": {
        "@class": "com.kony.gen.viz.model.component.property.label.DesktopWebLabelProperty",
        "_margin_": [
            2,
            2,
            2,
            2
        ],
        "margin": [
            2,
            2,
            2,
            2
        ],
        "marginInPixel": false,
        "psp": {
            "textCopyable": false
        },
        "render": true
    },
    "hexpand": true,
    "id": "lblMD4Hash",
    "info": null,
    "isvisible": true,
    "kiosk": {
        "@class": "com.kony.gen.viz.model.component.property.label.KioskLabelProperty",
        "render": true
    },
    "kuid": "p2kwiet341880914301",
    "margininpixel": false,
    "name": "kony.ui.Label",
    "paddinginpixel": false,
    "parent": "vbox1930040990151285",
    "pf": "frmCrypto",
    "spa": {
        "@class": "com.kony.gen.viz.model.component.property.label.SPALabelProperty",
        "psp": {
            "textCopyable": false
        }
    },
    "tooltip": "",
    "vexpand": false,
    "wType": "Label",
    "widgetalignment": 5
}