{
    "DNDConfig": null,
    "_enabled_": false,
    "_margin_": [
        0,
        0,
        0,
        0
    ],
    "_padding_": [
        0,
        0,
        0,
        0
    ],
    "_skin_": "s288b9ba39cf4d11813417bc1d390458",
    "_text_": "",
    "_thickness_": 1,
    "canUpdateUI": true,
    "containerweight": 100,
    "contentalignment": 5,
    "desktopweb": {
        "@class": "com.kony.gen.viz.model.component.property.line.DesktopWebLineProperty",
        "render": true
    },
    "hexpand": true,
    "id": "line19302198663508",
    "info": null,
    "isvisible": true,
    "kiosk": {
        "@class": "com.kony.gen.viz.model.component.property.line.KioskLineProperty",
        "render": true
    },
    "kuid": "p2kwiet341880914291",
    "margininpixel": false,
    "name": "kony.ui.Line",
    "paddinginpixel": false,
    "parent": "vbox1930040990150781",
    "pf": "frmCrypto",
    "spa": {
        "@class": "com.kony.gen.viz.model.component.property.line.SPALineProperty"
    },
    "vexpand": false,
    "wType": "Line",
    "widgetalignment": 5
}