{
    "DNDConfig": null,
    "_enabled_": false,
    "_margin_": [
        0,
        0,
        0,
        0
    ],
    "_orientation_": 2,
    "_padding_": [
        0,
        0,
        0,
        0
    ],
    "_percent_": true,
    "_position_": 3,
    "_resize_": true,
    "_skin_": "s93eb88ddafd45deb2c95ee274db0529",
    "allboxes": [],
    "canUpdateUI": true,
    "children": [
        "segNavigation"
    ],
    "containerheight": 100,
    "containerheightreference": 1,
    "containerweight": 100,
    "desktopweb": {
        "@class": "com.kony.gen.viz.model.container.property.scrollbox.DesktopWebScrollBoxProperty",
        "psp": {
            "scrollArrowConfig": [
                null,
                null,
                null,
                null
            ]
        },
        "render": true
    },
    "enablescrollbypage": false,
    "id": "sbxNavigation",
    "info": null,
    "isvisible": true,
    "kiosk": {
        "@class": "com.kony.gen.viz.model.container.property.scrollbox.KioskScrollBoxProperty",
        "_position_": 3,
        "position": 3,
        "render": true
    },
    "kuid": "p2kwiet341880914273",
    "layoutalignment": 3,
    "margininpixel": false,
    "name": "kony.ui.ScrollBox",
    "paddinginpixel": false,
    "parent": "hboxNavigation",
    "pf": "frmCrypto",
    "scrollbar": "scrollbar",
    "scrolldirection": 2,
    "scrollingevents": null,
    "showscrollbars": true,
    "spa": {
        "@class": "com.kony.gen.viz.model.container.property.scrollbox.SPAScrollBoxProperty"
    },
    "templateType": "forms",
    "totalWt": 0,
    "wType": "ScrollBox",
    "widgetalignment": 1
}