{
    "DNDConfig": null,
    "_data_": [
        {
            "lblNavigation": {
                "@class": "com.viz.ide.model.segment.SimpleTextSegmentData",
                "text": "Encrypt/Decrypt"
            },
            "lblNavigationDescription": {
                "@class": "com.viz.ide.model.segment.SimpleTextSegmentData",
                "text": "     "
            }
        },
        {
            "lblNavigation": {
                "@class": "com.viz.ide.model.segment.SimpleTextSegmentData",
                "text": "Generate Hash Value "
            },
            "lblNavigationDescription": {
                "@class": "com.viz.ide.model.segment.SimpleTextSegmentData",
                "text": "(MD2 Algo)"
            }
        },
        {
            "lblNavigation": {
                "@class": "com.viz.ide.model.segment.SimpleTextSegmentData",
                "text": "Generate Hash Value"
            },
            "lblNavigationDescription": {
                "@class": "com.viz.ide.model.segment.SimpleTextSegmentData",
                "text": "(MD4 Algo)"
            }
        },
        {
            "lblNavigation": {
                "@class": "com.viz.ide.model.segment.SimpleTextSegmentData",
                "text": "Generate Hash Value "
            },
            "lblNavigationDescription": {
                "@class": "com.viz.ide.model.segment.SimpleTextSegmentData",
                "text": "(MD5 Algo)"
            }
        }
    ],
    "_enabled_": false,
    "_indicator_": "none",
    "_orientation_": 2,
    "_padding_": [
        0,
        0,
        0,
        0
    ],
    "_skin_": "seg2Normal",
    "canUpdateUI": true,
    "containerheightreference": 1,
    "containerweight": 100,
    "context": {
        "channel": "mobile",
        "formID": "AdvancedWidgetsSegements",
        "templateType": "segments",
        "topLevelBox": false
    },
    "counter": 3,
    "desktopweb": {
        "@class": "com.kony.gen.viz.model.container.property.segment2.DesktopWebSegment2Property",
        "render": true
    },
    "focusedindex": null,
    "focuseditem": null,
    "generatedtemplate": "p2kwiet341880914320",
    "groupcells": false,
    "hasSections": false,
    "hiddencolumns": {},
    "id": "segNavigation",
    "ide_onRowClick": "p2kwiet341880914317_segNavigation_onRowClick_seq0",
    "info": null,
    "isvisible": true,
    "kiosk": {
        "@class": "com.kony.gen.viz.model.container.property.segment2.KioskSegment2Property",
        "render": true
    },
    "kuid": "p2kwiet341880914272",
    "layoutalignment": 3,
    "layouttype": 0,
    "name": "kony.ui.SegmentedUI2",
    "needpageindicator": true,
    "onrowclick": "p2kwiet341880914317_segNavigation_onRowClick_seq0",
    "paddinginpixel": false,
    "paginationconfig": {
        "position": "bottom"
    },
    "parent": "sbxNavigation",
    "pf": "frmCrypto",
    "retainselection": true,
    "rowTemplateId": "p2kwiet341880914320",
    "rowcounter": 2,
    "rowfocusskin": "sea619d7043b4f8187de86677766e2bf",
    "rowskin": "s9b64a82c10045efba6de18aadb1738f",
    "screenlevelwidget": false,
    "scrollingevents": false,
    "seccounter": 0,
    "sectionheaderskin": "sff06c7276874824a80724d8b87e9c0a",
    "selectedRows": null,
    "selectedState": false,
    "selectedindex": null,
    "selectedindices": null,
    "selecteditems": null,
    "selectedsectionindex": 0,
    "selectionbehavior": "default",
    "selectionbehaviorconfig": {},
    "separatorcolor": "64646400",
    "separatorrequired": true,
    "separatorthickness": 1,
    "showscrollbars": false,
    "spa": {
        "@class": "com.kony.gen.viz.model.container.property.segment2.SPASegment2Property"
    },
    "viewtype": "tableview",
    "wType": "Segment",
    "widgetalignment": 1,
    "widgetdatamap": {
        "lblNavigation": "lblNavigation",
        "lblNavigationDescription": "lblNavigationDescription"
    },
    "widgetskin": "s6ed121f30ea42fbb76a88d8d85115fb"
}