{
    "DNDConfig": null,
    "_enabled_": false,
    "_margin_": [
        0,
        0,
        0,
        0
    ],
    "_padding_": [
        1,
        1,
        1,
        1
    ],
    "_placeholder_": "Enter String",
    "_skin_": "s0410ff60cd74008a223a49715f08995",
    "_text_": "",
    "autocapitalize": "none",
    "autocomplete": false,
    "autocorrect": false,
    "autofilter": false,
    "canUpdateUI": true,
    "containerheightmode": 1,
    "containerheightreference": 1,
    "containerweight": 100,
    "contentalignment": 4,
    "desktopweb": {
        "@class": "com.kony.gen.viz.model.component.property.textbox2.DesktopWebTextBox2Property",
        "_margin_": [
            2,
            2,
            2,
            0
        ],
        "containerHeightMode": 3,
        "margin": [
            2,
            2,
            2,
            0
        ],
        "marginInPixel": false,
        "render": true
    },
    "focusskin": "s04c5ec445c74e2d859ab719acccbed0",
    "hexpand": true,
    "id": "txtMd2Hash",
    "info": null,
    "isvisible": true,
    "keyboardstyle": "A",
    "keyboardtype": "A",
    "kiosk": {
        "@class": "com.kony.gen.viz.model.component.property.textbox2.KioskTextBox2Property",
        "render": true
    },
    "kuid": "p2kwiet341880914287",
    "margininpixel": false,
    "mode": "A",
    "name": "kony.ui.TextBox2",
    "paddinginpixel": false,
    "parent": "vbox1930040990150781",
    "pf": "frmCrypto",
    "securetextentry": false,
    "spa": {
        "@class": "com.kony.gen.viz.model.component.property.textbox2.SPATextBox2Property",
        "autoCorrect": false,
        "containerHeightMode": 3
    },
    "textinputmode": "A",
    "vexpand": false,
    "viewtype": "default",
    "wType": "TextField",
    "widgetalignment": 5
}