{
    "DNDConfig": null,
    "_enabled_": false,
    "_margin_": [
        0,
        0,
        0,
        0
    ],
    "_orientation_": 2,
    "_padding_": [
        1,
        1,
        1,
        1
    ],
    "_resize_": true,
    "_skin_": "s26257769afc4d5797401eb07c203241",
    "allboxes": [],
    "borderCollapse": false,
    "canUpdateUI": true,
    "children": [
        "textEncrypt",
        "hbox19302198661365",
        "line19302198661534",
        "lblEncrypt",
        "lblDecrypt",
        "line237135440407"
    ],
    "containerweight": 100,
    "desktopweb": {
        "@class": "com.kony.gen.viz.model.container.property.vbox.DesktopWebVBoxProperty",
        "render": true
    },
    "id": "vbox1930040990147647",
    "info": null,
    "isvisible": true,
    "kiosk": {
        "@class": "com.kony.gen.viz.model.container.property.vbox.KioskVBoxProperty",
        "render": true
    },
    "kuid": "p2kwiet341880914285",
    "layouttype": 0,
    "margininpixel": false,
    "name": "kony.ui.Box",
    "paddinginpixel": false,
    "parent": "hbxEncryptDecrypt",
    "pf": "frmCrypto",
    "spa": {
        "@class": "com.kony.gen.viz.model.container.property.vbox.SPAVBoxProperty"
    },
    "templateType": "forms",
    "wType": "VBox",
    "widgetalignment": 1
}