{
    "DNDConfig": null,
    "_enabled_": false,
    "_margin_": [
        0,
        0,
        0,
        0
    ],
    "_orientation_": 2,
    "_padding_": [
        1,
        1,
        1,
        1
    ],
    "_resize_": true,
    "_skin_": "s26257769afc4d5797401eb07c203241",
    "allboxes": [],
    "borderCollapse": false,
    "canUpdateUI": true,
    "children": [
        "txtMD5Hash",
        "hbox19302198662905",
        "line19302198663502",
        "lblMD5Hash",
        "line237135440408"
    ],
    "containerweight": 100,
    "desktopweb": {
        "@class": "com.kony.gen.viz.model.container.property.vbox.DesktopWebVBoxProperty",
        "render": true
    },
    "id": "vbox1930040990151312",
    "info": null,
    "isvisible": true,
    "kiosk": {
        "@class": "com.kony.gen.viz.model.container.property.vbox.KioskVBoxProperty",
        "render": true
    },
    "kuid": "p2kwiet341880914312",
    "layouttype": 0,
    "margininpixel": false,
    "name": "kony.ui.Box",
    "paddinginpixel": false,
    "parent": "hbxHashMD5",
    "pf": "frmCrypto",
    "spa": {
        "@class": "com.kony.gen.viz.model.container.property.vbox.SPAVBoxProperty"
    },
    "templateType": "forms",
    "wType": "VBox",
    "widgetalignment": 1
}