{
    "DNDConfig": null,
    "_enabled_": false,
    "_margin_": [
        0,
        0,
        0,
        0
    ],
    "_orientation_": 2,
    "_padding_": [
        1,
        1,
        1,
        1
    ],
    "_resize_": true,
    "_skin_": "s26257769afc4d5797401eb07c203241",
    "allboxes": [],
    "borderCollapse": false,
    "canUpdateUI": true,
    "children": [
        "hbxEncryptDecrypt",
        "hbxHashMD2",
        "hbxHashMD4",
        "hbxHashMD5"
    ],
    "containerweight": 65,
    "desktopweb": {
        "@class": "com.kony.gen.viz.model.container.property.vbox.DesktopWebVBoxProperty",
        "render": true
    },
    "id": "vbxContent",
    "info": null,
    "isvisible": true,
    "kiosk": {
        "@class": "com.kony.gen.viz.model.container.property.vbox.KioskVBoxProperty",
        "render": true
    },
    "kuid": "p2kwiet341880914314",
    "layouttype": 0,
    "margininpixel": false,
    "name": "kony.ui.Box",
    "paddinginpixel": false,
    "parent": "hbxMain",
    "pf": "frmCrypto",
    "spa": {
        "@class": "com.kony.gen.viz.model.container.property.vbox.SPAVBoxProperty"
    },
    "templateType": "forms",
    "wType": "VBox",
    "widgetalignment": 1
}