{"wap_android360_fontsize":"13","isA11yConfigEnabled":"false","spaipadbasefontsize":"17","wap_android440_fontsize":"15","wap_spaandroidtabxhdpi_fontsize":"18","apppackagekey":"com.kony.Cryptography","winmangotiletitlekey":"Cryptography","wap_android400_fontsize":"14","nativeContainerProperties":{"isEnableJSContainerAndroid":false,"isModified":true,"isEnableJSContaineriOS":false,"isEnableJSContainer":false},"wap_spaandroidtabhdpi_fontsize":"16","iphonebundleidentifierkey":"com.kony.Cryptography","desktopwebaligenmentoption":"left","appversionkey":"1.0.0","desktopwebwidthoption":"Percentage","applogokey":"icon.png","spaandroidtabbasefontsize":"17","startupformkey":"frmAppDescription","wap_android640_fontsize":"19","vendornamekey":"KonyLabs","wap_android320_fontsize":"12","wap_android_fontsize":"10","statusBarStyle":"STATUS_BAR_STYLE_DEFAULT","createdgaversion":"7.3.0.GA_v201704051416","extendTop":"false","desktopstartupformkey":"frmHome","enableactionbar":false,"wap_android480_fontsize":"16","mastersProperties":{"masterVersion":"2.0.0"},"appmenu":{"tablet":{"data":[]},"desktop":{"data":[{"kuid":"bfb94b5587b24ec4bd8f6e37930f8910","icon":{"default":"option1.png"},"id":"appmenuitemid1","title":"Item 1"},{"kuid":"6eb3d0eafd08444e9fd400c536ea9b94","icon":{"default":"option2.png"},"id":"appmenuitemid2","title":"Item 2"},{"kuid":"2be27aa01aac4a299d7608410ecc5fbb","icon":{"default":"option3.png"},"id":"appmenuitemid3","title":"Item 3"},{"kuid":"d62f141e4ad240c2888982218526a9bb","icon":{"default":"option4.png"},"id":"appmenuitemid4","title":"Item 4"}]},"wType":"Appmenu","mobile":{"data":[]}},"wap_spaipad_fontsize":"17","mwportkey":"80","islocalserverurl":"true","supportedorientations":["portrait","landscape"],"desktopwebwidthval":"100","appidkey":"Cryptography","statusBarHidden":"false","export.type":"studioviz","isNewAppWithRespectToAndroidPackageName":"true","defaulttheme":"KonyTheme","iphonebundleversionkey":"1.0","iphoneipadglossyeffectkey":"false","extendBottom":"false","tabletstartupformkey":"frmHome","pasteboardType":"2","appnamekey":"Cryptography","currentgaversion":"7.3.0","desktopwebbasefontsize":"16","wap_android240_fontsize":"10","@class":"com.kony.gen.appprops.KVizAppProps","wap_spaandroidtabldpi_fontsize":"17","wap_spaandroidtabmdpi_fontsize":"14","konyVizVersion":"7.3.0","wap_spaandroidtab_fontsize":"17","winmobileguidkey":"9581e201-81f8-4354-a1f9-a461270ad141","ide_appEvents":{},"build":"release","project_version":"sprint27","cloud_url":"http://127.0.0.1:8080","ipadlandscapemodekey":"both","wap_ip_fontsize":"12","category":"app","createdVizVersion":"7.3.0"}