{
    "splashScreen": {
        "mobile": {
            "iphone": {
                "splashImage": "splash.9.png",
                "showLoadingIndicator": true,
                "videoInterruptible": false,
                "animationDuration": 10
            },
            "android": {
                "splashImage": "splash.9.png",
                "showLoadingIndicator": true,
                "videoInterruptible": false,
                "animationDuration": 10,
                "backgroundColor": "b5d9f5"
            },
            "winphone8": {
                "splashImage": "splash_480x762.png",
                "showLoadingIndicator": true
            },
            "spa": {
                "backgroundColor": "b5d9f5"
            },
            "spaip": {},
            "spaan": {},
            "spawinphone8": {},
            "splashImage": "splash.9.png"
        },
        "tablet": {
            "ipad": {
                "landscape": {
                    "videoInterruptible": false,
                    "animationDuration": 10
                },
                "splashImage": "splash_640x960.png",
                "showLoadingIndicator": true,
                "videoInterruptible": false,
                "animationDuration": 10
            },
            "android": {
                "splashImage": "splash_720x1280.png",
                "showLoadingIndicator": true,
                "videoInterruptible": false,
                "animationDuration": 10,
                "backgroundColor": "b5d9f5"
            },
            "windows8": {
                "splashImage": "splash_768x1024.png",
                "showLoadingIndicator": true,
                "foregroundColor": "ffffff",
                "backgroundColor": "b5d9f5"
            },
            "spa": {
                "backgroundColor": "b5d9f5"
            },
            "spaipad": {
                "splashImage": "splash_720x1280.png"
            },
            "spaandroidtablet": {
                "splashImage": "splash_850x1280.png"
            },
            "spawindowstablet": {},
            "splashImage": "splash.9.png",
            "windows10": {
                "foregroundColor": "ffffff",
                "backgroundColor": "b5d9f5"
            }
        },
        "desktop": {
            "desktopweb": {
                "splashImage": "splash_1280x720.png",
                "backgroundColor": "b5d9f5"
            },
            "kiosk": {},
            "splashImage": "splash.9.png"
        }
    }
}