{
    "p2kwiet341880914251_button1930040990147720_onClick_seq0": {
        "id": "p2kwiet341880914251_button1930040990147720_onClick_seq0",
        "type": "ACTION_SEQUENCE",
        "params": [{
            "name": "eventobject",
            "value": "eventobject"
        }],
        "language": "js",
        "actions": [{
            "id": "customcode_onClick_529243418809149723",
            "type": "INVOKE_FUNCTION",
            "sequenceKUID": "decrypt",
            "display": "decrypt"
        }]
    }
}