{
    "p2kwiet341880914251_frmCrypto_preshow_seq0": {
        "id": "p2kwiet341880914251_frmCrypto_preshow_seq0",
        "type": "ACTION_SEQUENCE",
        "params": [{
            "name": "eventobject",
            "value": "eventobject"
        }, {
            "name": "neworientation",
            "value": "neworientation"
        }],
        "language": "js",
        "actions": [{
            "id": "customcode_preshow_991903418809142944",
            "type": "INVOKE_FUNCTION",
            "sequenceKUID": "frmCryptoTabPreShow",
            "display": "frmCryptoTabPreShow"
        }]
    }
}