{
    "p2kwiet341880914251_button1930040990151288_onClick_seq0": {
        "id": "p2kwiet341880914251_button1930040990151288_onClick_seq0",
        "type": "ACTION_SEQUENCE",
        "params": [{
            "name": "eventobject",
            "value": "eventobject"
        }],
        "language": "js",
        "actions": [{
            "id": "customcode_onClick_385803418809141774",
            "type": "INVOKE_FUNCTION",
            "sequenceKUID": "createHashMD4",
            "display": "createHashMD4"
        }]
    }
}