{
    "p2kwiet341880914267_btnHome_onClick_seq0": {
        "id": "p2kwiet341880914267_btnHome_onClick_seq0",
        "type": "ACTION_SEQUENCE",
        "params": [{
            "name": "eventobject",
            "value": "eventobject"
        }],
        "language": "js",
        "actions": [{
            "id": "customcode_onClick_8848734188091488",
            "type": "INVOKE_FUNCTION",
            "sequenceKUID": "navigateToFrmCrypto",
            "display": "navigateToFrmCrypto"
        }]
    }
}