{
    "p2kwiet341880914251_segNavigation_onRowClick_seq0": {
        "id": "p2kwiet341880914251_segNavigation_onRowClick_seq0",
        "type": "ACTION_SEQUENCE",
        "params": [{
            "name": "eventobject",
            "value": "eventobject"
        }, {
            "name": "sectionNumber",
            "value": "sectionNumber"
        }, {
            "name": "rowNumber",
            "value": "rowNumber"
        }],
        "language": "js",
        "actions": [{
            "id": "customcode_onRowClick_838423418809146912",
            "type": "INVOKE_FUNCTION",
            "sequenceKUID": "segClickEvent",
            "display": "segClickEvent",
            "inputparams": [{
                "name": "seguiWidget",
                "value": " eventobject"
            }, {
                "name": "sectionIndex",
                "value": " sectionNumber"
            }, {
                "name": "rowIndex",
                "value": " rowNumber"
            }]
        }]
    }
}