{
    "DNDConfig": null,
    "_enabled_": false,
    "_margin_": [
        0,
        0,
        0,
        0
    ],
    "_padding_": [
        0,
        3,
        0,
        3
    ],
    "_skin_": "scb137f85fda4a30b5f7b8817d0f01a3",
    "_text_": "Decrypt",
    "android": {
        "@class": "com.kony.gen.viz.model.component.property.button.AndroidButtonProperty",
        "_margin_": [
            2,
            2,
            2,
            2
        ],
        "_padding_": [
            2,
            2,
            2,
            2
        ],
        "displayText": true,
        "margin": [
            2,
            2,
            2,
            2
        ],
        "marginInPixel": false,
        "padding": [
            2,
            2,
            2,
            2
        ],
        "paddingInPixel": false,
        "render": true
    },
    "canUpdateUI": true,
    "containerweight": 40,
    "contentalignment": 5,
    "displaytext": true,
    "focusskin": "s7f0453063b54e2695cee3b777e20aa8",
    "hexpand": true,
    "id": "button1930040990147720",
    "ide_onClick": "p2kwiet341880914251_button1930040990147720_onClick_seq0",
    "info": null,
    "ipad": {
        "@class": "com.kony.gen.viz.model.component.property.button.IPadButtonProperty",
        "_margin_": [
            2,
            2,
            2,
            2
        ],
        "_padding_": [
            2,
            2,
            2,
            2
        ],
        "displayText": true,
        "margin": [
            2,
            2,
            2,
            2
        ],
        "marginInPixel": false,
        "padding": [
            2,
            2,
            2,
            2
        ],
        "paddingInPixel": false,
        "psp": {
            "glowEffect": false
        },
        "render": true
    },
    "isvisible": true,
    "kuid": "p2kwiet341880914213",
    "margininpixel": false,
    "name": "kony.ui.Button",
    "onclick": "p2kwiet341880914251_button1930040990147720_onClick_seq0",
    "paddinginpixel": false,
    "parent": "hbox19302198661365",
    "pf": "frmCrypto",
    "spa": {
        "@class": "com.kony.gen.viz.model.component.property.button.SPAButtonProperty",
        "displayText": true
    },
    "spaandroidtablet": {
        "@class": "com.kony.gen.viz.model.component.property.button.SPAAndroidTabletButtonProperty",
        "_margin_": [
            2,
            2,
            2,
            2
        ],
        "_padding_": [
            2,
            2,
            2,
            2
        ],
        "margin": [
            2,
            2,
            2,
            2
        ],
        "marginInPixel": false,
        "padding": [
            2,
            2,
            2,
            2
        ],
        "paddingInPixel": false,
        "render": true
    },
    "spaipad": {
        "@class": "com.kony.gen.viz.model.component.property.button.SPAIPadButtonProperty",
        "_margin_": [
            2,
            2,
            2,
            2
        ],
        "_padding_": [
            2,
            2,
            2,
            2
        ],
        "margin": [
            2,
            2,
            2,
            2
        ],
        "marginInPixel": false,
        "padding": [
            2,
            2,
            2,
            2
        ],
        "paddingInPixel": false,
        "render": true
    },
    "spawindowstablet": {
        "@class": "com.kony.gen.viz.model.component.property.button.SPAWindowsTabletButtonProperty",
        "_padding_": [
            2,
            2,
            2,
            2
        ],
        "padding": [
            2,
            2,
            2,
            2
        ],
        "paddingInPixel": false,
        "render": true
    },
    "vexpand": false,
    "wType": "Button",
    "widgetalignment": 5,
    "windows8": {
        "@class": "com.kony.gen.viz.model.component.property.button.Windows8ButtonProperty",
        "_margin_": [
            5,
            0,
            0,
            0
        ],
        "_padding_": [
            0,
            1,
            0,
            1
        ],
        "displayText": true,
        "margin": [
            5,
            0,
            0,
            0
        ],
        "marginInPixel": false,
        "padding": [
            0,
            1,
            0,
            1
        ],
        "paddingInPixel": false,
        "render": true
    }
}