{
    "DNDConfig": null,
    "_enabled_": false,
    "_margin_": [
        0,
        0,
        0,
        0
    ],
    "_skin_": "s7498d8a64f74f7d9a7f611d1a61351a",
    "_text_": "Cryptography",
    "_wrapping_": 2,
    "android": {
        "@class": "com.kony.gen.viz.model.component.property.label.AndroidLabelProperty",
        "psp": {
            "textCopyable": false
        },
        "render": false
    },
    "canUpdateUI": true,
    "containerweight": 100,
    "contentalignment": 5,
    "hexpand": true,
    "id": "label117989709782646",
    "info": null,
    "ipad": {
        "@class": "com.kony.gen.viz.model.component.property.label.IPadLabelProperty",
        "psp": {
            "textCopyable": false,
            "wrapping": 2
        },
        "render": false
    },
    "isvisible": true,
    "kuid": "p2kwiet341880914250",
    "margininpixel": false,
    "name": "kony.ui.Label",
    "parent": "frmCrypto",
    "pf": "frmCrypto",
    "spa": {
        "@class": "com.kony.gen.viz.model.component.property.label.SPALabelProperty",
        "psp": {
            "textCopyable": false
        }
    },
    "spaandroidtablet": {
        "@class": "com.kony.gen.viz.model.component.property.label.SPAAndroidTabletLabelProperty",
        "_padding_": [
            0,
            1,
            0,
            1
        ],
        "padding": [
            0,
            1,
            0,
            1
        ],
        "paddingInPixel": false,
        "render": true
    },
    "spaipad": {
        "@class": "com.kony.gen.viz.model.component.property.label.SPAIPadLabelProperty",
        "_padding_": [
            0,
            1,
            0,
            1
        ],
        "padding": [
            0,
            1,
            0,
            1
        ],
        "paddingInPixel": false,
        "render": true
    },
    "spawindowstablet": {
        "@class": "com.kony.gen.viz.model.component.property.label.SPAWindowsTabletLabelProperty",
        "render": false
    },
    "tooltip": "",
    "vexpand": false,
    "wType": "Label",
    "widgetalignment": 5,
    "windows8": {
        "@class": "com.kony.gen.viz.model.component.property.label.Windows8LabelProperty",
        "_margin_": [
            120,
            57,
            50,
            0
        ],
        "contentAlignment": 4,
        "margin": [
            120,
            57,
            50,
            0
        ],
        "marginInPixel": true,
        "render": false
    }
}