{
    "DNDConfig": null,
    "_enabled_": false,
    "_margin_": [
        0,
        0,
        0,
        0
    ],
    "_padding_": [
        1,
        1,
        1,
        1
    ],
    "_skin_": "s55507b7b20541a6b20b2dbbd22b484c",
    "_text_": "",
    "_wrapping_": 2,
    "android": {
        "@class": "com.kony.gen.viz.model.component.property.label.AndroidLabelProperty",
        "_margin_": [
            2,
            2,
            2,
            2
        ],
        "margin": [
            2,
            2,
            2,
            2
        ],
        "marginInPixel": false,
        "psp": {
            "textCopyable": false
        },
        "render": true
    },
    "canUpdateUI": true,
    "containerweight": 100,
    "contentalignment": 4,
    "hexpand": true,
    "id": "lblMD5Hash",
    "info": null,
    "ipad": {
        "@class": "com.kony.gen.viz.model.component.property.label.IPadLabelProperty",
        "_margin_": [
            2,
            2,
            2,
            2
        ],
        "margin": [
            2,
            2,
            2,
            2
        ],
        "marginInPixel": false,
        "psp": {
            "textCopyable": false,
            "wrapping": 2
        },
        "render": true
    },
    "isvisible": true,
    "kuid": "p2kwiet341880914244",
    "margininpixel": false,
    "name": "kony.ui.Label",
    "paddinginpixel": false,
    "parent": "vbox1930040990151312",
    "pf": "frmCrypto",
    "spa": {
        "@class": "com.kony.gen.viz.model.component.property.label.SPALabelProperty",
        "psp": {
            "textCopyable": false
        }
    },
    "spaandroidtablet": {
        "@class": "com.kony.gen.viz.model.component.property.label.SPAAndroidTabletLabelProperty",
        "_margin_": [
            2,
            2,
            2,
            2
        ],
        "margin": [
            2,
            2,
            2,
            2
        ],
        "marginInPixel": false,
        "render": true
    },
    "spaipad": {
        "@class": "com.kony.gen.viz.model.component.property.label.SPAIPadLabelProperty",
        "_margin_": [
            2,
            2,
            2,
            2
        ],
        "margin": [
            2,
            2,
            2,
            2
        ],
        "marginInPixel": false,
        "render": true
    },
    "spawindowstablet": {
        "@class": "com.kony.gen.viz.model.component.property.label.SPAWindowsTabletLabelProperty",
        "render": true
    },
    "tooltip": "",
    "vexpand": false,
    "wType": "Label",
    "widgetalignment": 5,
    "windows8": {
        "@class": "com.kony.gen.viz.model.component.property.label.Windows8LabelProperty",
        "_margin_": [
            0,
            0,
            0,
            0
        ],
        "margin": [
            0,
            0,
            0,
            0
        ],
        "marginInPixel": false,
        "render": true
    }
}