{
    "DNDConfig": null,
    "_enabled_": false,
    "_margin_": [
        0,
        0,
        0,
        0
    ],
    "_padding_": [
        1,
        1,
        1,
        1
    ],
    "_placeholder_": "Enter String",
    "_skin_": "s0410ff60cd74008a223a49715f08995",
    "_text_": "",
    "android": {
        "@class": "com.kony.gen.viz.model.component.property.textbox2.AndroidTextBox2Property",
        "_margin_": [
            2,
            2,
            2,
            0
        ],
        "_padding_": [
            3,
            3,
            0,
            3
        ],
        "autoFilter": false,
        "containerHeightMode": 1,
        "margin": [
            2,
            2,
            2,
            0
        ],
        "marginInPixel": false,
        "padding": [
            3,
            3,
            0,
            3
        ],
        "paddingInPixel": false,
        "psp": {
            "keyboardActionLabel": 12
        },
        "render": true,
        "viewType": "default"
    },
    "autocapitalize": "none",
    "autocomplete": false,
    "autocorrect": false,
    "autofilter": false,
    "canUpdateUI": true,
    "containerheightmode": 1,
    "containerheightreference": 1,
    "containerweight": 100,
    "contentalignment": 4,
    "focusskin": "s04c5ec445c74e2d859ab719acccbed0",
    "hexpand": true,
    "id": "txtMD5Hash",
    "info": null,
    "ipad": {
        "@class": "com.kony.gen.viz.model.component.property.textbox2.IPadTextBox2Property",
        "autoCorrect": false,
        "containerHeightMode": 1,
        "psp": {
            "keyboardActionLabel": 1,
            "pasteboardType": 1,
            "showClearButton": true,
            "showCloseButton": true,
            "showProgressIndicator": true
        },
        "viewType": "default"
    },
    "iphone": {
        "@class": "com.kony.gen.viz.model.component.property.textbox2.IPhoneTextBox2Property",
        "_margin_": [
            2,
            2,
            2,
            0
        ],
        "margin": [
            2,
            2,
            2,
            0
        ],
        "marginInPixel": false,
        "render": true
    },
    "isvisible": true,
    "keyboardstyle": "A",
    "keyboardtype": "A",
    "kuid": "p2kwiet341880914239",
    "margininpixel": false,
    "mode": "A",
    "name": "kony.ui.TextBox2",
    "paddinginpixel": false,
    "parent": "vbox1930040990151312",
    "pf": "frmCrypto",
    "securetextentry": false,
    "spa": {
        "@class": "com.kony.gen.viz.model.component.property.textbox2.SPATextBox2Property",
        "autoCorrect": false,
        "containerHeightMode": 1
    },
    "spaandroidtablet": {
        "@class": "com.kony.gen.viz.model.component.property.textbox2.SPAAndroidTabletTextBox2Property",
        "_margin_": [
            2,
            2,
            2,
            0
        ],
        "margin": [
            2,
            2,
            2,
            0
        ],
        "marginInPixel": false,
        "render": true
    },
    "spaipad": {
        "@class": "com.kony.gen.viz.model.component.property.textbox2.SPAIPadTextBox2Property",
        "_margin_": [
            2,
            2,
            2,
            0
        ],
        "margin": [
            2,
            2,
            2,
            0
        ],
        "marginInPixel": false,
        "render": true
    },
    "spawindowstablet": {
        "@class": "com.kony.gen.viz.model.component.property.textbox2.SPAWindowsTabletTextBox2Property",
        "render": true
    },
    "textinputmode": "A",
    "vexpand": false,
    "viewtype": "default",
    "wType": "TextField",
    "widgetalignment": 5,
    "windows8": {
        "@class": "com.kony.gen.viz.model.component.property.textbox2.Windows8TextBox2Property",
        "_margin_": [
            0,
            0,
            0,
            0
        ],
        "autoFilter": false,
        "containerHeightMode": 1,
        "margin": [
            0,
            0,
            0,
            0
        ],
        "marginInPixel": false,
        "render": true
    }
}