{
    "DNDConfig": null,
    "_enabled_": false,
    "_margin_": [
        0,
        0,
        0,
        0
    ],
    "_orientation_": 2,
    "_padding_": [
        1,
        1,
        1,
        1
    ],
    "_resize_": true,
    "_skin_": "s26257769afc4d5797401eb07c203241",
    "allboxes": [],
    "android": {
        "@class": "com.kony.gen.viz.model.container.property.vbox.AndroidVBoxProperty",
        "render": true
    },
    "borderCollapse": false,
    "canUpdateUI": true,
    "children": [
        "txtMD4Hash",
        "hbox19302198662057",
        "line19302198663511",
        "lblMD4Hash",
        "line19302198663512"
    ],
    "containerweight": 100,
    "id": "vbox1930040990151285",
    "info": null,
    "ipad": {
        "@class": "com.kony.gen.viz.model.container.property.vbox.IPadVBoxProperty",
        "render": true
    },
    "isvisible": true,
    "kuid": "p2kwiet341880914237",
    "margininpixel": false,
    "name": "kony.ui.Box",
    "paddinginpixel": false,
    "parent": "hbxHashMD4",
    "pf": "frmCrypto",
    "spa": {
        "@class": "com.kony.gen.viz.model.container.property.vbox.SPAVBoxProperty"
    },
    "spaandroidtablet": {
        "@class": "com.kony.gen.viz.model.container.property.vbox.SPAAndroidTabletVBoxProperty",
        "render": true
    },
    "spaipad": {
        "@class": "com.kony.gen.viz.model.container.property.vbox.SPAIPadVBoxProperty",
        "render": true
    },
    "spawindowstablet": {
        "@class": "com.kony.gen.viz.model.container.property.vbox.SPAWindowsTabletVBoxProperty",
        "render": true
    },
    "templateType": "forms",
    "wType": "VBox",
    "widgetalignment": 1,
    "windows8": {
        "@class": "com.kony.gen.viz.model.container.property.vbox.Windows8VBoxProperty",
        "render": true
    }
}