{
    "p2kwiet341880914201_frmCrypto_preshow_seq0": {
        "id": "p2kwiet341880914201_frmCrypto_preshow_seq0",
        "type": "ACTION_SEQUENCE",
        "params": [{
            "name": "eventobject",
            "value": "eventobject"
        }, {
            "name": "neworientation",
            "value": "neworientation"
        }],
        "language": "js",
        "actions": [{
            "id": "customcode_preshow_88583418809144421",
            "type": "INVOKE_FUNCTION",
            "sequenceKUID": "frmCryptoPreShow",
            "display": "frmCryptoPreShow"
        }]
    }
}