{
    "p2kwiet341880914172_btnContinue_onClick_seq0": {
        "id": "p2kwiet341880914172_btnContinue_onClick_seq0",
        "type": "ACTION_SEQUENCE",
        "params": [{
            "name": "eventobject",
            "value": "eventobject"
        }],
        "language": "js",
        "actions": [{
            "id": "customcode_onClick_363853418809147350",
            "type": "INVOKE_FUNCTION",
            "sequenceKUID": "navigateToFrmCrypto",
            "display": "navigateToFrmCrypto"
        }]
    }
}